Symbol,CoinbasePro Pairs,Binance Pairs,Bitfinex Pairs
BTC,"1INCH/BTC, AAVE/BTC, ADA/BTC, ALGO/BTC, ANKR/BTC, ATOM/BTC, AVAX/BTC, AXS/BTC, BAL/BTC, BAND/BTC, BAT/BTC, BCH/BTC, BNT/BTC, BTC/EUR, BTC/GBP, BTC/USD, BTC/USDC, BTC/USDT, BTRST/BTC, CELO/BTC, COMP/BTC, CRV/BTC, CTSI/BTC, DASH/BTC, DOGE/BTC, DOT/BTC, ENJ/BTC, EOS/BTC, ETC/BTC, ETH/BTC, FIL/BTC, FORTH/BTC, GRT/BTC, ICP/BTC, KNC/BTC, LINK/BTC, LRC/BTC, LTC/BTC, MANA/BTC, MATIC/BTC, MIR/BTC, MKR/BTC, NKN/BTC, NMR/BTC, NU/BTC, OGN/BTC, OMG/BTC, ORN/BTC, RAD/BTC, REN/BTC, REP/BTC, REQ/BTC, RLC/BTC, SKL/BTC, SNX/BTC, SOL/BTC, STORJ/BTC, SUSHI/BTC, TRB/BTC, TRU/BTC, UMA/BTC, UNI/BTC, WBTC/BTC, WBTC/USD, WCFG/BTC, XLM/BTC, XRP/BTC, XTZ/BTC, XYO/BTC, YFI/BTC, ZEC/BTC, ZEN/BTC, ZRX/BTC","1INCH/BTC, AAVE/BTC, ACA/BTC, ACE/BTC, ACH/BTC, ACM/BTC, ADA/BTC, ADX/BTC, AE/BTC, AERGO/BTC, AEVO/BTC, AGI/BTC, AGIX/BTC, AGLD/BTC, AI/BTC, AION/BTC, AKRO/BTC, ALCX/BTC, ALGO/BTC, ALICE/BTC, ALPACA/BTC, ALPHA/BTC, ALPINE/BTC, ALT/BTC, AMB/BTC, AMP/BTC, ANC/BTC, ANKR/BTC, ANT/BTC, ANY/BTC, APE/BTC, API3/BTC, APPC/BTC, APT/BTC, AR/BTC, ARB/BTC, ARDR/BTC, ARK/BTC, ARKM/BTC, ARN/BTC, ARPA/BTC, ASR/BTC, AST/BTC, ASTR/BTC, ATA/BTC, ATM/BTC, ATOM/BTC, AUCTION/BTC, AUDIO/BTC, AUTO/BTC, AVA/BTC, AVAX/BTC, AXL/BTC, AXS/BTC, BADGER/BTC, BAKE/BTC, BAL/BTC, BAND/BTC, BAR/BTC, BAT/BTC, BCC/BTC, BCD/BTC, BCH/BTC, BCHABC/BTC, BCN/BTC, BCPT/BTC, BEAM/BTC, BEL/BTC, BETA/BTC, BICO/BTC, BLUR/BTC, BLZ/BTC, BNB/BTC, BNT/BTC, BNX/BTC, BOND/BTC, BOT/BTC, BQX/BTC, BRD/BTC, BSV/BTC, BTC/AEUR, BTC/ARS, BTC/AUD, BTC/BIDR, BTC/BKRW, BTC/BRL, BTC/BUSD, BTC/DAI, BTC/EUR, BTC/FDUSD, BTC/GBP, BTC/IDRT, BTC/JPY, BTC/NGN, BTC/PAX, BTC/PLN, BTC/RON, BTC/RUB, BTC/TRY, BTC/TUSD, BTC/UAH, BTC/USD:BTC, BTC/USD:BTC-240329, BTC/USD:BTC-240628, BTC/USDC, BTC/USDC:USDC, BTC/USDP, BTC/USDS, BTC/USDT, BTC/USDT:USDT, BTC/USDT:USDT-240329, BTC/USDT:USDT-240628, BTC/UST, BTC/VAI, BTC/ZAR, BTCB/BTC, BTCDOM/USDT:USDT, BTCDOWN/USDT, BTCST/BTC, BTCST/BUSD, BTCST/USDT, BTCST/USDT:USDT, BTCUP/USDT, BTG/BTC, BTS/BTC, BTT/BTC, BZRX/BTC, C98/BTC, CAKE/BTC, CDT/BTC, CELO/BTC, CELR/BTC, CFX/BTC, CHAT/BTC, CHESS/BTC, CHR/BTC, CHZ/BTC, CITY/BTC, CKB/BTC, CLOAK/BTC, CLV/BTC, CMT/BTC, CND/BTC, COCOS/BTC, COMP/BTC, COS/BTC, COTI/BTC, CRV/BTC, CTK/BTC, CTSI/BTC, CTXC/BTC, CVC/BTC, CVX/BTC, CYBER/BTC, DAI/BTC, DAR/BTC, DASH/BTC, DATA/BTC, DCR/BTC, DEGO/BTC, DENT/BTC, DGB/BTC, DGD/BTC, DIA/BTC, DLT/BTC, DNT/BTC, DOCK/BTC, DODO/BTC, DOGE/BTC, DOT/BTC, DREP/BTC, DUSK/BTC, DYDX/BTC, DYM/BTC, EASY/BTC, EDO/BTC, EDU/BTC, EGLD/BTC, ELF/BTC, ENG/BTC, ENJ/BTC, ENS/BTC, EOS/BTC, EPS/BTC, ERD/BTC, ETC/BTC, ETH/BTC, ETH/BTC:BTC, EVX/BTC, EZ/BTC, FARM/BTC, FET/BTC, FIDA/BTC, FIL/BTC, FIO/BTC, FIRO/BTC, FIS/BTC, FLM/BTC, FLOW/BTC, FLUX/BTC, FOR/BTC, FORTH/BTC, FRONT/BTC, FTM/BTC, FTT/BTC, FUEL/BTC, FUN/BTC, FXS/BTC, GAL/BTC, GALA/BTC, GAS/BTC, GLM/BTC, GLMR/BTC, GMT/BTC, GMX/BTC, GNO/BTC, GNS/BTC, GNT/BTC, GO/BTC, GRS/BTC, GRT/BTC, GTC/BTC, GTO/BTC, GVT/BTC, GXS/BTC, HARD/BTC, HBAR/BTC, HC/BTC, HFT/BTC, HIGH/BTC, HIVE/BTC, HNT/BTC, HOOK/BTC, HOT/BTC, HSR/BTC, ICN/BTC, ICP/BTC, ICX/BTC, ID/BTC, IDEX/BTC, ILV/BTC, IMX/BTC, INJ/BTC, INS/BTC, IOST/BTC, IOTA/BTC, IOTX/BTC, IRIS/BTC, JASMY/BTC, JOE/BTC, JST/BTC, JUV/BTC, KAVA/BTC, KDA/BTC, KEEP/BTC, KEY/BTC, KLAY/BTC, KMD/BTC, KNC/BTC, KSM/BTC, LAZIO/BTC, LDO/BTC, LEND/BTC, LINA/BTC, LINK/BTC, LIT/BTC, LOKA/BTC, LOOM/BTC, LPT/BTC, LQTY/BTC, LRC/BTC, LSK/BTC, LTC/BTC, LTO/BTC, LUN/BTC, LUNA/BTC, MAGIC/BTC, MANA/BTC, MANTA/BTC, MATIC/BTC, MAV/BTC, MBL/BTC, MBOX/BTC, MC/BTC, MCO/BTC, MDA/BTC, MDT/BTC, MDX/BTC, METIS/BTC, MFT/BTC, MINA/BTC, MIR/BTC, MITH/BTC, MKR/BTC, MLN/BTC, MOB/BTC, MOD/BTC, MOVR/BTC, MTH/BTC, MTL/BTC, MULTI/BTC, NANO/BTC, NAS/BTC, NAV/BTC, NBS/BTC, NCASH/BTC, NEAR/BTC, NEBL/BTC, NEO/BTC, NEXO/BTC, NFP/BTC, NKN/BTC, NMR/BTC, NPXS/BTC, NTRN/BTC, NU/BTC, NULS/BTC, NXS/BTC, OAX/BTC, OCEAN/BTC, OG/BTC, OGN/BTC, OM/BTC, OMG/BTC, ONE/BTC, ONG/BTC, ONT/BTC, OP/BTC, ORDI/BTC, ORN/BTC, OSMO/BTC, OST/BTC, OXT/BTC, PAX/BTC, PAXG/BTC, PDA/BTC, PENDLE/BTC, PEOPLE/BTC, PERL/BTC, PERP/BTC, PHA/BTC, PHB/BTC, PHX/BTC, PIVX/BTC, PIXEL/BTC, PLA/BTC, PNT/BTC, POA/BTC, POE/BTC, POLS/BTC, POLY/BTC, POLYX/BTC, POND/BTC, PORTAL/BTC, PORTO/BTC, POWR/BTC, PPT/BTC, PROM/BTC, PSG/BTC, PYR/BTC, PYTH/BTC, QI/BTC, QKC/BTC, QLC/BTC, QNT/BTC, QSP/BTC, QTUM/BTC, QUICK/BTC, RAD/BTC, RAMP/BTC, RARE/BTC, RCN/BTC, RDN/BTC, RDNT/BTC, REEF/BTC, REN/BTC, RENBTC/BTC, RENBTC/ETH, REP/BTC, REQ/BTC, RGT/BTC, RIF/BTC, RLC/BTC, RNDR/BTC, RONIN/BTC, ROSE/BTC, RPL/BTC, RPX/BTC, RSR/BTC, RUNE/BTC, RVN/BTC, SALT/BTC, SAND/BTC, SANTOS/BTC, SC/BTC, SCRT/BTC, SEI/BTC, SFP/BTC, SKL/BTC, SKY/BTC, SNGLS/BTC, SNM/BTC, SNT/BTC, SNX/BTC, SOL/BTC, SPELL/BTC, SRM/BTC, SSV/BTC, STEEM/BTC, STG/BTC, STMX/BTC, STORJ/BTC, STORM/BTC, STPT/BTC, STRAT/BTC, STRAX/BTC, STRK/BTC, STX/BTC, SUB/BTC, SUI/BTC, SUN/BTC, SUPER/BTC, SUSD/BTC, SUSHI/BTC, SXP/BTC, SYN/BTC, SYS/BTC, TCT/BTC, TFUEL/BTC, THETA/BTC, TIA/BTC, TKO/BTC, TLM/BTC, TNB/BTC, TNT/BTC, TOMO/BTC, TORN/BTC, TRB/BTC, TRIBE/BTC, TRIG/BTC, TROY/BTC, TRU/BTC, TRX/BTC, TUSD/BTC, TVK/BTC, TWT/BTC, UMA/BTC, UNFI/BTC, UNI/BTC, UST/BTC, UTK/BTC, VANRY/BTC, VEN/BTC, VET/BTC, VGX/BTC, VIA/BTC, VIB/BTC, VIBE/BTC, VIC/BTC, VIDT/BTC, VITE/BTC, VOXEL/BTC, WABI/BTC, WAN/BTC, WAVES/BTC, WAXP/BTC, WBTC/BTC, WBTC/BUSD, WBTC/ETH, WBTC/USDT, WIF/BTC, WIN/BTC, WING/BTC, WINGS/BTC, WLD/BTC, WNXM/BTC, WOO/BTC, WPR/BTC, WRX/BTC, WTC/BTC, XAI/BTC, XEM/BTC, XLM/BTC, XMR/BTC, XNO/BTC, XRP/BTC, XTZ/BTC, XVG/BTC, XVS/BTC, XZC/BTC, YFI/BTC, YFII/BTC, YGG/BTC, YOYOW/BTC, ZEC/BTC, ZEN/BTC, ZIL/BTC, ZRX/BTC","ADA/BTC, ALGO/BTC, AMPL/BTC, ATOM/BTC, AVAX/BTC, BMN/BTC, BORG/BTC, BTC/CNHT, BTC/EUR, BTC/EURT, BTC/GBP, BTC/JPY, BTC/MIM, BTC/MXNT, BTC/TRY, BTC/USD, BTC/USDT, BTC/XAUT, BTCDOMF0/USTF0, BTCF0/EUTF0, BTCF0/USTF0, DASH/BTC, DOGE/BTC, DOT/BTC, EOS/BTC, ETC/BTC, ETH/BTC, ETHF0/BTCF0, IOTA/BTC, JST/BTC, LEO/BTC, LTC/BTC, LTCF0/BTCF0, MANA/BTC, MATIC/BTC, NEO/BTC, NEXO/BTC, OMG/BTC, QTF/BTC, SOL/BTC, SOLF0/BTCF0, TESTBTC/TESTUSD, TESTBTC/TESTUSDT, TESTBTCF0/TESTUSDTF0, TRX/BTC, UOS/BTC, VET/BTC, WBT/BTC, XAUT/BTC, XAUTF0/BTCF0, XLM/BTC, XMR/BTC, XRD/BTC, XRP/BTC, XRPF0/BTCF0, XTZ/BTC, ZEC/BTC"
ETH,"ADA/ETH, BAT/ETH, CBETH/ETH, CBETH/USD, ETH/BTC, ETH/DAI, ETH/EUR, ETH/GBP, ETH/USD, ETH/USDC, ETH/USDT, LINK/ETH, LSETH/ETH, LSETH/USD, MANA/ETH, SOL/ETH, SUSHI/ETH","AAVE/ETH, ADA/ETH, ADX/ETH, AE/ETH, AGI/ETH, AION/ETH, ALGO/ETH, AMB/ETH, APE/ETH, APPC/ETH, APT/ETH, ARB/ETH, ARDR/ETH, ARK/ETH, ARN/ETH, ARPA/ETH, AST/ETH, ASTR/ETH, ATOM/ETH, AVAX/ETH, AXS/ETH, BAT/ETH, BCC/ETH, BCD/ETH, BCN/ETH, BCPT/ETH, BEL/ETH, BETA/ETH, BETH/BUSD, BETH/ETH, BETH/USDT, BLZ/ETH, BNB/ETH, BNT/ETH, BOND/ETH, BQX/ETH, BRD/ETH, BSW/ETH, BTG/ETH, BTS/ETH, BURGER/ETH, CDT/ETH, CELR/ETH, CHAT/ETH, CHR/ETH, CLOAK/ETH, CMT/ETH, CND/ETH, COVER/ETH, CRV/ETH, CVC/ETH, CVP/ETH, CYBER/ETH, DAR/ETH, DASH/ETH, DATA/ETH, DENT/ETH, DEXE/ETH, DF/ETH, DGD/ETH, DLT/ETH, DNT/ETH, DOCK/ETH, DOT/ETH, DYDX/ETH, EASY/ETH, EDO/ETH, EGLD/ETH, ELF/ETH, ENG/ETH, ENJ/ETH, EOS/ETH, ETC/ETH, ETH/AEUR, ETH/AUD, ETH/BIDR, ETH/BKRW, ETH/BRL, ETH/BTC, ETH/BTC:BTC, ETH/BUSD, ETH/DAI, ETH/EUR, ETH/FDUSD, ETH/GBP, ETH/JPY, ETH/NGN, ETH/PAX, ETH/PLN, ETH/RUB, ETH/TRY, ETH/TUSD, ETH/UAH, ETH/USD:ETH, ETH/USD:ETH-240329, ETH/USD:ETH-240628, ETH/USDC, ETH/USDC:USDC, ETH/USDP, ETH/USDT, ETH/USDT:USDT, ETH/USDT:USDT-240329, ETH/USDT:USDT-240628, ETH/UST, ETH/ZAR, ETHBEAR/BUSD, ETHBEAR/USDT, ETHBULL/BUSD, ETHBULL/USDT, ETHDOWN/USDT, ETHUP/USDT, ETHW/USDT:USDT, EVX/ETH, EZ/ETH, FARM/ETH, FIL/ETH, FIRO/ETH, FRONT/ETH, FTM/ETH, FTT/ETH, FUEL/ETH, FUN/ETH, GAL/ETH, GALA/ETH, GHST/ETH, GLM/ETH, GMT/ETH, GNT/ETH, GRS/ETH, GRT/ETH, GTO/ETH, GVT/ETH, GXS/ETH, HC/ETH, HEGIC/ETH, HIFI/ETH, HOT/ETH, HSR/ETH, ICN/ETH, ICP/ETH, ICX/ETH, INJ/ETH, INS/ETH, IOST/ETH, IOTA/ETH, IOTX/ETH, JASMY/ETH, KAVA/ETH, KEY/ETH, KMD/ETH, KNC/ETH, KSM/ETH, LEND/ETH, LINK/ETH, LIT/ETH, LOOM/ETH, LRC/ETH, LSK/ETH, LTC/ETH, LUN/ETH, LUNA/ETH, MANA/ETH, MATIC/ETH, MCO/ETH, MDA/ETH, MEME/ETH, MFT/ETH, MOD/ETH, MTH/ETH, MTL/ETH, NANO/ETH, NAS/ETH, NAV/ETH, NCASH/ETH, NEAR/ETH, NEO/ETH, NPXS/ETH, NULS/ETH, NXS/ETH, OAX/ETH, OMG/ETH, ONE/ETH, ONT/ETH, OOKI/ETH, OP/ETH, OST/ETH, PAX/ETH, PEOPLE/ETH, PHX/ETH, POA/ETH, POE/ETH, POWR/ETH, PPT/ETH, PROS/ETH, PUNDIX/ETH, QKC/ETH, QLC/ETH, QSP/ETH, QTUM/ETH, RCN/ETH, RDN/ETH, REI/ETH, RENBTC/ETH, REQ/ETH, RLC/ETH, ROSE/ETH, RPX/ETH, RUNE/ETH, SALT/ETH, SAND/ETH, SC/ETH, SCRT/ETH, SKY/ETH, SLP/ETH, SNGLS/ETH, SNM/ETH, SNT/ETH, SNX/ETH, SOL/ETH, SSV/ETH, STEEM/ETH, STMX/ETH, STORJ/ETH, STORM/ETH, STRAT/ETH, STRAX/ETH, SUB/ETH, SUSD/ETH, SYS/ETH, THETA/ETH, TNB/ETH, TNT/ETH, TRIG/ETH, TRX/ETH, TUSD/ETH, UFT/ETH, UNFI/ETH, UNI/ETH, VEN/ETH, VET/ETH, VGX/ETH, VIA/ETH, VIB/ETH, VIBE/ETH, VOXEL/ETH, WABI/ETH, WAN/ETH, WAVES/ETH, WBETH/ETH, WBETH/USDT, WBTC/ETH, WING/ETH, WINGS/ETH, WPR/ETH, WTC/ETH, XEM/ETH, XLM/ETH, XMR/ETH, XNO/ETH, XRP/ETH, XTZ/ETH, XVG/ETH, XZC/ETH, YOYOW/ETH, ZEC/ETH, ZEN/ETH, ZIL/ETH, ZRX/ETH","EOS/ETH, ETH/BTC, ETH/EUR, ETH/EURT, ETH/GBP, ETH/JPY, ETH/MXNT, ETH/USD, ETH/USDT, ETH/XAUT, ETH2X/ETH, ETH2X/USD, ETH2X/USDT, ETHF0/BTCF0, ETHF0/EUTF0, ETHF0/USTF0, ETHW/USD, ETHW/USDT, LEO/ETH, OMG/ETH, TESTETH/TESTUSD, TESTETHF0/TESTUSDTF0, TRX/ETH"
USDT,"ACH/USDT, ADA/USDT, AGLD/USDT, AIOZ/USDT, ALCX/USDT, APE/USDT, API3/USDT, APT/USDT, ARPA/USDT, ASM/USDT, ATA/USDT, ATOM/USDT, AUCTION/USDT, AVAX/USDT, AXS/USDT, BADGER/USDT, BICO/USDT, BIT/USDT, BOBA/USDT, BOND/USDT, BTC/USDT, BTRST/USDT, C98/USDT, CHZ/USDT, CLV/USDT, COVAL/USDT, CRO/USDT, CTX/USDT, DDX/USDT, DESO/USDT, DIA/USDT, DOGE/USDT, DOT/USDT, DREP/USDT, DYP/USDT, ELA/USDT, ENJ/USDT, ENS/USDT, ERN/USDT, ETH/USDT, FARM/USDT, FET/USDT, FIDA/USDT, FIS/USDT, FLOW/USDT, FORT/USDT, FOX/USDT, GAL/USDT, GALA/USDT, GMT/USDT, GNO/USDT, HBAR/USDT, HFT/USDT, HOPR/USDT, ICP/USDT, IDEX/USDT, IMX/USDT, INDEX/USDT, JASMY/USDT, KRL/USDT, KSM/USDT, LCX/USDT, LINK/USDT, LQTY/USDT, LRC/USDT, MASK/USDT, MATH/USDT, MATIC/USDT, MCO2/USDT, MDT/USDT, MEDIA/USDT, METIS/USDT, MINA/USDT, NCT/USDT, NEAR/USDT, NEST/USDT, OP/USDT, ORN/USDT, PAX/USDT, PERP/USDT, POLS/USDT, POLY/USDT, POND/USDT, POWR/USDT, PRQ/USDT, QNT/USDT, QSP/USDT, RAD/USDT, REQ/USDT, RLY/USDT, RNDR/USDT, ROSE/USDT, SAND/USDT, SHIB/USDT, SHPING/USDT, SOL/USDT, SPELL/USDT, STG/USDT, STX/USDT, SUKU/USDT, SUPER/USDT, SYLO/USDT, TIME/USDT, TRAC/USDT, TRU/USDT, UPI/USDT, USDT/EUR, USDT/GBP, USDT/USD, USDT/USDC, UST/USDT, VGX/USDT, WAMPL/USDT, WCFG/USDT, WLUNA/USDT, XCN/USDT, XLM/USDT, XRP/USDT, XYO/USDT, ZEN/USDT","1000BONK/USDT:USDT, 1000FLOKI/USDT:USDT, 1000LUNC/USDT:USDT, 1000PEPE/USDT:USDT, 1000RATS/USDT:USDT, 1000SATS/USDT, 1000SATS/USDT:USDT, 1000SHIB/USDT:USDT, 1000XEC/USDT:USDT, 1INCH/USDT, 1INCH/USDT:USDT, 1INCHDOWN/USDT, 1INCHUP/USDT, AAVE/USDT, AAVE/USDT:USDT, AAVEDOWN/USDT, AAVEUP/USDT, ACA/USDT, ACE/USDT, ACE/USDT:USDT, ACH/USDT, ACH/USDT:USDT, ACM/USDT, ADA/USDT, ADA/USDT:USDT, ADADOWN/USDT, ADAUP/USDT, ADX/USDT, AERGO/USDT, AEUR/USDT, AEVO/USDT, AEVO/USDT:USDT, AGIX/USDT, AGIX/USDT:USDT, AGLD/USDT, AGLD/USDT:USDT, AI/USDT, AI/USDT:USDT, AION/USDT, AKRO/USDT, ALCX/USDT, ALGO/USDT, ALGO/USDT:USDT, ALICE/USDT, ALICE/USDT:USDT, ALPACA/USDT, ALPHA/USDT, ALPHA/USDT:USDT, ALPINE/USDT, ALT/USDT, ALT/USDT:USDT, AMB/USDT, AMB/USDT:USDT, AMP/USDT, ANC/USDT, ANKR/USDT, ANKR/USDT:USDT, ANT/USDT, ANT/USDT:USDT, ANY/USDT, APE/USDT, APE/USDT:USDT, API3/USDT, API3/USDT:USDT, APT/USDT, APT/USDT:USDT, AR/USDT, AR/USDT:USDT, ARB/USDT, ARB/USDT:USDT, ARDR/USDT, ARK/USDT, ARK/USDT:USDT, ARKM/USDT, ARKM/USDT:USDT, ARPA/USDT, ARPA/USDT:USDT, ASR/USDT, AST/USDT, ASTR/USDT, ASTR/USDT:USDT, ATA/USDT, ATA/USDT:USDT, ATM/USDT, ATOM/USDT, ATOM/USDT:USDT, AUCTION/USDT, AUCTION/USDT:USDT, AUD/USDT, AUDIO/USDT, AUDIO/USDT:USDT, AUTO/USDT, AVA/USDT, AVAX/USDT, AVAX/USDT:USDT, AXL/USDT, AXL/USDT:USDT, AXS/USDT, AXS/USDT:USDT, BADGER/USDT, BADGER/USDT:USDT, BAKE/USDT, BAKE/USDT:USDT, BAL/USDT, BAL/USDT:USDT, BAND/USDT, BAND/USDT:USDT, BAR/USDT, BAT/USDT, BAT/USDT:USDT, BCC/USDT, BCH/USDT, BCH/USDT:USDT, BCHABC/USDT, BCHDOWN/USDT, BCHUP/USDT, BEAM/USDT, BEAMX/USDT, BEAMX/USDT:USDT, BEAR/USDT, BEL/USDT, BEL/USDT:USDT, BETA/USDT, BETH/USDT, BICO/USDT, BICO/USDT:USDT, BIFI/USDT, BIGTIME/USDT:USDT, BKRW/USDT, BLUEBIRD/USDT:USDT, BLUR/USDT, BLUR/USDT:USDT, BLZ/USDT, BLZ/USDT:USDT, BNB/USDT, BNB/USDT:USDT, BNBBEAR/USDT, BNBBULL/USDT, BNBDOWN/USDT, BNBUP/USDT, BNT/USDT, BNT/USDT:USDT, BNX/USDT, BNX/USDT:USDT, BOND/USDT, BOND/USDT:USDT, BONK/USDT, BSV/USDT, BSV/USDT:USDT, BSW/USDT, BTC/USDT, BTC/USDT:USDT, BTC/USDT:USDT-240329, BTC/USDT:USDT-240628, BTCDOM/USDT:USDT, BTCDOWN/USDT, BTCST/USDT, BTCST/USDT:USDT, BTCUP/USDT, BTG/USDT, BTS/USDT, BTS/USDT:USDT, BTT/USDT, BTTC/USDT, BULL/USDT, BURGER/USDT, BUSD/USDT, BZRX/USDT, C98/USDT, C98/USDT:USDT, CAKE/USDT, CAKE/USDT:USDT, CELO/USDT, CELO/USDT:USDT, CELR/USDT, CELR/USDT:USDT, CFX/USDT, CFX/USDT:USDT, CHESS/USDT, CHR/USDT, CHR/USDT:USDT, CHZ/USDT, CHZ/USDT:USDT, CITY/USDT, CKB/USDT, CKB/USDT:USDT, CLV/USDT, COCOS/USDT, COCOS/USDT:USDT, COMBO/USDT, COMBO/USDT:USDT, COMP/USDT, COMP/USDT:USDT, COS/USDT, COTI/USDT, COTI/USDT:USDT, CREAM/USDT, CRV/USDT, CRV/USDT:USDT, CTK/USDT, CTK/USDT:USDT, CTSI/USDT, CTSI/USDT:USDT, CTXC/USDT, CVC/USDT, CVC/USDT:USDT, CVP/USDT, CVX/USDT, CVX/USDT:USDT, CYBER/USDT, CYBER/USDT:USDT, DAI/USDT, DAR/USDT, DAR/USDT:USDT, DASH/USDT, DASH/USDT:USDT, DATA/USDT, DCR/USDT, DEFI/USDT:USDT, DEGO/USDT, DENT/USDT, DENT/USDT:USDT, DEXE/USDT, DF/USDT, DGB/USDT, DGB/USDT:USDT, DIA/USDT, DNT/USDT, DOCK/USDT, DODO/USDT, DODOX/USDT:USDT, DOGE/USDT, DOGE/USDT:USDT, DOT/USDT, DOT/USDT:USDT, DOTDOWN/USDT, DOTUP/USDT, DREP/USDT, DUSK/USDT, DUSK/USDT:USDT, DYDX/USDT, DYDX/USDT:USDT, DYM/USDT, DYM/USDT:USDT, EDU/USDT, EDU/USDT:USDT, EGLD/USDT, EGLD/USDT:USDT, ELF/USDT, ENJ/USDT, ENJ/USDT:USDT, ENS/USDT, ENS/USDT:USDT, EOS/USDT, EOS/USDT:USDT, EOSBEAR/USDT, EOSBULL/USDT, EOSDOWN/USDT, EOSUP/USDT, EPS/USDT, EPX/USDT, ERD/USDT, ERN/USDT, ETC/USDT, ETC/USDT:USDT, ETH/USDT, ETH/USDT:USDT, ETH/USDT:USDT-240329, ETH/USDT:USDT-240628, ETHBEAR/USDT, ETHBULL/USDT, ETHDOWN/USDT, ETHUP/USDT, ETHW/USDT:USDT, EUR/USDT, FARM/USDT, FDUSD/USDT, FET/USDT, FET/USDT:USDT, FIDA/USDT, FIL/USDT, FIL/USDT:USDT, FILDOWN/USDT, FILUP/USDT, FIO/USDT, FIRO/USDT, FIS/USDT, FLM/USDT, FLM/USDT:USDT, FLOKI/USDT, FLOW/USDT, FLOW/USDT:USDT, FLUX/USDT, FOOTBALL/USDT:USDT, FOR/USDT, FORTH/USDT, FRONT/USDT, FRONT/USDT:USDT, FTM/USDT, FTM/USDT:USDT, FTT/USDT, FTT/USDT:USDT, FUN/USDT, FXS/USDT, FXS/USDT:USDT, GAL/USDT, GAL/USDT:USDT, GALA/USDT, GALA/USDT:USDT, GAS/USDT, GAS/USDT:USDT, GBP/USDT, GFT/USDT, GHST/USDT, GLM/USDT, GLM/USDT:USDT, GLMR/USDT, GLMR/USDT:USDT, GMT/USDT, GMT/USDT:USDT, GMX/USDT, GMX/USDT:USDT, GNO/USDT, GNS/USDT, GRT/USDT, GRT/USDT:USDT, GTC/USDT, GTC/USDT:USDT, GTO/USDT, GXS/USDT, HARD/USDT, HBAR/USDT, HBAR/USDT:USDT, HC/USDT, HFT/USDT, HFT/USDT:USDT, HIFI/USDT, HIFI/USDT:USDT, HIGH/USDT, HIGH/USDT:USDT, HIVE/USDT, HNT/USDT, HNT/USDT:USDT, HOOK/USDT, HOOK/USDT:USDT, HOT/USDT, HOT/USDT:USDT, ICP/USDT, ICP/USDT:USDT, ICX/USDT, ICX/USDT:USDT, ID/USDT, ID/USDT:USDT, IDEX/USDT, IDEX/USDT:USDT, ILV/USDT, ILV/USDT:USDT, IMX/USDT, IMX/USDT:USDT, INJ/USDT, INJ/USDT:USDT, IOST/USDT, IOST/USDT:USDT, IOTA/USDT, IOTA/USDT:USDT, IOTX/USDT, IOTX/USDT:USDT, IQ/USDT, IRIS/USDT, JASMY/USDT, JASMY/USDT:USDT, JOE/USDT, JOE/USDT:USDT, JST/USDT, JTO/USDT, JTO/USDT:USDT, JUP/USDT, JUP/USDT:USDT, JUV/USDT, KAS/USDT:USDT, KAVA/USDT, KAVA/USDT:USDT, KDA/USDT, KEEP/USDT, KEY/USDT, KEY/USDT:USDT, KLAY/USDT, KLAY/USDT:USDT, KMD/USDT, KNC/USDT, KNC/USDT:USDT, KP3R/USDT, KSM/USDT, KSM/USDT:USDT, LAZIO/USDT, LDO/USDT, LDO/USDT:USDT, LEND/USDT, LEVER/USDT, LEVER/USDT:USDT, LINA/USDT, LINA/USDT:USDT, LINK/USDT, LINK/USDT:USDT, LINKDOWN/USDT, LINKUP/USDT, LIT/USDT, LIT/USDT:USDT, LOKA/USDT, LOOM/USDT, LOOM/USDT:USDT, LPT/USDT, LPT/USDT:USDT, LQTY/USDT, LQTY/USDT:USDT, LRC/USDT, LRC/USDT:USDT, LSK/USDT, LSK/USDT:USDT, LTC/USDT, LTC/USDT:USDT, LTCDOWN/USDT, LTCUP/USDT, LTO/USDT, LUNA/USDT, LUNA2/USDT:USDT, LUNC/USDT, MAGIC/USDT, MAGIC/USDT:USDT, MANA/USDT, MANA/USDT:USDT, MANTA/USDT, MANTA/USDT:USDT, MASK/USDT, MASK/USDT:USDT, MATIC/USDT, MATIC/USDT:USDT, MAV/USDT, MAV/USDT:USDT, MAVIA/USDT:USDT, MBL/USDT, MBL/USDT:USDT, MBOX/USDT, MC/USDT, MCO/USDT, MDT/USDT, MDT/USDT:USDT, MDX/USDT, MEME/USDT, MEME/USDT:USDT, METIS/USDT, METIS/USDT:USDT, MFT/USDT, MINA/USDT, MINA/USDT:USDT, MIR/USDT, MITH/USDT, MKR/USDT, MKR/USDT:USDT, MLN/USDT, MOB/USDT, MOVR/USDT, MOVR/USDT:USDT, MTL/USDT, MTL/USDT:USDT, MULTI/USDT, MYRO/USDT:USDT, NANO/USDT, NBS/USDT, NEAR/USDT, NEAR/USDT:USDT, NEBL/USDT, NEO/USDT, NEO/USDT:USDT, NEXO/USDT, NFP/USDT, NFP/USDT:USDT, NKN/USDT, NKN/USDT:USDT, NMR/USDT, NMR/USDT:USDT, NPXS/USDT, NTRN/USDT, NTRN/USDT:USDT, NU/USDT, NULS/USDT, OAX/USDT, OCEAN/USDT, OCEAN/USDT:USDT, OG/USDT, OGN/USDT, OGN/USDT:USDT, OM/USDT, OM/USDT:USDT, OMG/USDT, OMG/USDT:USDT, ONDO/USDT:USDT, ONE/USDT, ONE/USDT:USDT, ONG/USDT, ONG/USDT:USDT, ONT/USDT, ONT/USDT:USDT, OOKI/USDT, OP/USDT, OP/USDT:USDT, ORBS/USDT:USDT, ORDI/USDT, ORDI/USDT:USDT, ORN/USDT, OSMO/USDT, OXT/USDT, OXT/USDT:USDT, PAX/USDT, PAXG/USDT, PDA/USDT, PENDLE/USDT, PENDLE/USDT:USDT, PEOPLE/USDT, PEOPLE/USDT:USDT, PEPE/USDT, PERL/USDT, PERP/USDT, PERP/USDT:USDT, PHA/USDT, PHB/USDT, PHB/USDT:USDT, PIVX/USDT, PIXEL/USDT, PIXEL/USDT:USDT, PLA/USDT, PNT/USDT, POLS/USDT, POLY/USDT, POLYX/USDT, POLYX/USDT:USDT, POND/USDT, PORTAL/USDT, PORTAL/USDT:USDT, PORTO/USDT, POWR/USDT, POWR/USDT:USDT, PROM/USDT, PROS/USDT, PSG/USDT, PUNDIX/USDT, PYR/USDT, PYTH/USDT, PYTH/USDT:USDT, QI/USDT, QKC/USDT, QNT/USDT, QNT/USDT:USDT, QTUM/USDT, QTUM/USDT:USDT, QUICK/USDT, RAD/USDT, RAD/USDT:USDT, RAMP/USDT, RARE/USDT, RAY/USDT, RAY/USDT:USDT, RDNT/USDT, RDNT/USDT:USDT, REEF/USDT, REEF/USDT:USDT, REI/USDT, REN/USDT, REN/USDT:USDT, REP/USDT, REQ/USDT, RGT/USDT, RIF/USDT, RIF/USDT:USDT, RLC/USDT, RLC/USDT:USDT, RNDR/USDT, RNDR/USDT:USDT, RONIN/USDT, RONIN/USDT:USDT, ROSE/USDT, ROSE/USDT:USDT, RPL/USDT, RSR/USDT, RSR/USDT:USDT, RUNE/USDT, RUNE/USDT:USDT, RVN/USDT, RVN/USDT:USDT, SAND/USDT, SAND/USDT:USDT, SANTOS/USDT, SC/USDT, SC/USDT:USDT, SCRT/USDT, SEI/USDT, SEI/USDT:USDT, SFP/USDT, SFP/USDT:USDT, SHIB/USDT, SKL/USDT, SKL/USDT:USDT, SLP/USDT, SLP/USDT:USDT, SNT/USDT, SNT/USDT:USDT, SNX/USDT, SNX/USDT:USDT, SOL/USDT, SOL/USDT:USDT, SPELL/USDT, SPELL/USDT:USDT, SRM/USDT, SRM/USDT:USDT, SSV/USDT, SSV/USDT:USDT, STEEM/USDT, STEEM/USDT:USDT, STG/USDT, STG/USDT:USDT, STMX/USDT, STMX/USDT:USDT, STORJ/USDT, STORJ/USDT:USDT, STORM/USDT, STPT/USDT, STPT/USDT:USDT, STRAT/USDT, STRAX/USDT, STRAX/USDT:USDT, STRK/USDT, STRK/USDT:USDT, STX/USDT, STX/USDT:USDT, SUI/USDT, SUI/USDT:USDT, SUN/USDT, SUPER/USDT, SUPER/USDT:USDT, SUSD/USDT, SUSHI/USDT, SUSHI/USDT:USDT, SUSHIDOWN/USDT, SUSHIUP/USDT, SXP/USDT, SXP/USDT:USDT, SXPDOWN/USDT, SXPUP/USDT, SYN/USDT, SYS/USDT, T/USDT, T/USDT:USDT, TCT/USDT, TFUEL/USDT, THETA/USDT, THETA/USDT:USDT, TIA/USDT, TIA/USDT:USDT, TKO/USDT, TLM/USDT, TLM/USDT:USDT, TOKEN/USDT:USDT, TOMO/USDT, TOMO/USDT:USDT, TON/USDT:USDT, TORN/USDT, TRB/USDT, TRB/USDT:USDT, TRIBE/USDT, TROY/USDT, TRU/USDT, TRU/USDT:USDT, TRX/USDT, TRX/USDT:USDT, TRXDOWN/USDT, TRXUP/USDT, TUSD/USDT, TVK/USDT, TWT/USDT, TWT/USDT:USDT, UFT/USDT, UMA/USDT, UMA/USDT:USDT, UNFI/USDT, UNFI/USDT:USDT, UNI/USDT, UNI/USDT:USDT, UNIDOWN/USDT, UNIUP/USDT, USDC/USDT, USDC/USDT:USDT, USDP/USDT, USDS/USDT, USDSB/USDT, USDT/ARS, USDT/BIDR, USDT/BKRW, USDT/BRL, USDT/BVND, USDT/DAI, USDT/IDRT, USDT/NGN, USDT/PLN, USDT/RON, USDT/RUB, USDT/TRY, USDT/UAH, USDT/VAI, USDT/ZAR, UST/USDT, USTC/USDT, USTC/USDT:USDT, UTK/USDT, VANRY/USDT, VANRY/USDT:USDT, VEN/USDT, VET/USDT, VET/USDT:USDT, VGX/USDT, VIB/USDT, VIC/USDT, VIDT/USDT, VITE/USDT, VOXEL/USDT, VTHO/USDT, WAN/USDT, WAVES/USDT, WAVES/USDT:USDT, WAXP/USDT, WAXP/USDT:USDT, WBETH/USDT, WBTC/USDT, WIF/USDT, WIF/USDT:USDT, WIN/USDT, WING/USDT, WLD/USDT, WLD/USDT:USDT, WNXM/USDT, WOO/USDT, WOO/USDT:USDT, WRX/USDT, WTC/USDT, XAI/USDT, XAI/USDT:USDT, XEC/USDT, XEM/USDT, XEM/USDT:USDT, XLM/USDT, XLM/USDT:USDT, XLMDOWN/USDT, XLMUP/USDT, XMR/USDT, XMR/USDT:USDT, XNO/USDT, XRP/USDT, XRP/USDT:USDT, XRPBEAR/USDT, XRPBULL/USDT, XRPDOWN/USDT, XRPUP/USDT, XTZ/USDT, XTZ/USDT:USDT, XTZDOWN/USDT, XTZUP/USDT, XVG/USDT, XVG/USDT:USDT, XVS/USDT, XVS/USDT:USDT, XZC/USDT, YFI/USDT, YFI/USDT:USDT, YFIDOWN/USDT, YFII/USDT, YFIUP/USDT, YGG/USDT, YGG/USDT:USDT, ZEC/USDT, ZEC/USDT:USDT, ZEN/USDT, ZEN/USDT:USDT, ZETA/USDT:USDT, ZIL/USDT, ZIL/USDT:USDT, ZRX/USDT, ZRX/USDT:USDT","1INCH/USDT, AAVE/USDT, ADA/USDT, ALGO/USDT, ALT2612/USDT, AMPL/USDT, APE/USDT, APENFT/USDT, APP/USDT, APT/USDT, ARB/USDT, ATOM/USDT, AVAX/USDT, AXS/USDT, AZERO/USDT, B2M/USDT, BAL/USDT, BAND/USDT, BGB/USDT, BLUR/USDT, BONK/USDT, BORG/USDT, BOSON/USDT, BTC/USDT, CCD/USDT, CELO/USDT, CHZ/USDT, COMP/USDT, CRV/USDT, DOGE/USDT, DOT/USDT, DYM/USDT, EGLD/USDT, EOS/USDT, ETC/USDT, ETH/USDT, ETH2X/USDT, ETHW/USDT, EUR/USDT, EURT/USDT, FCL/USDT, FET/USDT, FIL/USDT, FLOKI/USDT, FLR/USDT, FORTH/USDT, FTM/USDT, GALA/USDT, GBP/USDT, GMMT/USDT, GOC/USDT, GOMINING/USDT, GRT/USDT, GTX/USDT, HIX/USDT, HMT/USDT, HTX/USDT, ICP/USDT, INJ/USDT, JASMY/USDT, JPY/USDT, JST/USDT, JUP/USDT, KAN/USDT, KARATE/USDT, KAVA/USDT, KSM/USDT, LDO/USDT, LEO/USDT, LIFIII/USDT, LINK/USDT, LTC/USDT, LUNA/USDT, MATIC/USDT, MEME/USDT, MIM/USDT, MKR/USDT, NEAR/USDT, NEO/USDT, NEXO/USDT, NOM/USDT, OCEAN/USDT, OGN/USDT, OPX/USDT, PAX/USDT, PEPE/USDT, QRDO/USDT, RLY/USDT, SAND/USDT, SEI/USDT, SGB/USDT, SHIB/USDT, SMR/USDT, SNX/USDT, SOL/USDT, SPELL/USDT, STG/USDT, STRK/USDT, SUI/USDT, SUKU/USDT, SUN/USDT, SUSHI/USDT, SWEAT/USDT, TESTADAF0/TESTUSDTF0, TESTALGOF0/TESTUSDTF0, TESTAPTF0/TESTUSDTF0, TESTAVAXF0/TESTUSDTF0, TESTBTC/TESTUSDT, TESTBTCF0/TESTUSDTF0, TESTDOGEF0/TESTUSDTF0, TESTDOTF0/TESTUSDTF0, TESTEOSF0/TESTUSDTF0, TESTETHF0/TESTUSDTF0, TESTFILF0/TESTUSDTF0, TESTLTCF0/TESTUSDTF0, TESTMATIC/TESTUSDT, TESTMATICF0/TESTUSDTF0, TESTNEARF0/TESTUSDTF0, TESTSOLF0/TESTUSDTF0, TESTXAUTF0/TESTUSDTF0, TESTXTZF0/TESTUSDTF0, THETA/USDT, TIA/USDT, TOMI/USDT, TON/USDT, TRADE/USDT, TRX/USDT, TRY/USDT, TUSD/USDT, UNI/USDT, USDC/USDT, USDT/CNHT, USDT/MXNT, USDT/USD, VET/USDT, VRA/USDT, WAVES/USDT, WHBT/USDT, WIF/USDT, WILD/USDT, WMINIMA/USDT, WOO/USDT, XAUT/USDT, XDC/USDT, XLM/USDT, XMR/USDT, XRP/USDT, XTP/USDT, XTZ/USDT, YFI/USDT, ZETA/USDT"
BNB,,"AAVE/BNB, ACE/BNB, ADA/BNB, ADX/BNB, AE/BNB, AEVO/BNB, AGI/BNB, AGLD/BNB, AI/BNB, AION/BNB, ALGO/BNB, ALICE/BNB, ALPACA/BNB, ALPHA/BNB, ALT/BNB, AMB/BNB, AMP/BNB, ANC/BNB, ANKR/BNB, ANT/BNB, APE/BNB, API3/BNB, APPC/BNB, AR/BNB, ARDR/BNB, ARKM/BNB, ARPA/BNB, ATA/BNB, ATOM/BNB, AVA/BNB, AVAX/BNB, AXS/BNB, BAKE/BNB, BAL/BNB, BAND/BNB, BAT/BNB, BCC/BNB, BCH/BNB, BCN/BNB, BCPT/BNB, BEAM/BNB, BEL/BNB, BETA/BNB, BIFI/BNB, BLZ/BNB, BNB/AUD, BNB/BIDR, BNB/BKRW, BNB/BRL, BNB/BTC, BNB/BUSD, BNB/DAI, BNB/ETH, BNB/EUR, BNB/FDUSD, BNB/GBP, BNB/IDRT, BNB/JPY, BNB/NGN, BNB/PAX, BNB/RUB, BNB/TRY, BNB/TUSD, BNB/UAH, BNB/USD:BNB, BNB/USD:BNB-240329, BNB/USD:BNB-240628, BNB/USDC, BNB/USDC:USDC, BNB/USDP, BNB/USDS, BNB/USDT, BNB/USDT:USDT, BNB/UST, BNB/ZAR, BNBBEAR/BUSD, BNBBEAR/USDT, BNBBULL/BUSD, BNBBULL/USDT, BNBDOWN/USDT, BNBUP/USDT, BNX/BNB, BOND/BNB, BRD/BNB, BSW/BNB, BTS/BNB, BTT/BNB, BURGER/BNB, BZRX/BNB, C98/BNB, CAKE/BNB, CELR/BNB, CHESS/BNB, CHR/BNB, CHZ/BNB, CITY/BNB, CLV/BNB, CMT/BNB, CND/BNB, COCOS/BNB, COMBO/BNB, COMP/BNB, COS/BNB, COTI/BNB, CREAM/BNB, CRV/BNB, CTK/BNB, CTSI/BNB, CTXC/BNB, CVC/BNB, CYBER/BNB, DAI/BNB, DAR/BNB, DASH/BNB, DCR/BNB, DIA/BNB, DLT/BNB, DOGE/BNB, DOT/BNB, DREP/BNB, DUSK/BNB, DYDX/BNB, EDU/BNB, EGLD/BNB, ENJ/BNB, ENS/BNB, EOS/BNB, ERD/BNB, ERN/BNB, ETC/BNB, FARM/BNB, FET/BNB, FIDA/BNB, FIL/BNB, FIO/BNB, FLM/BNB, FLOW/BNB, FOR/BNB, FTM/BNB, FTT/BNB, FUN/BNB, GAL/BNB, GALA/BNB, GLMR/BNB, GMT/BNB, GNO/BNB, GNT/BNB, GO/BNB, GTC/BNB, GTO/BNB, GXS/BNB, HARD/BNB, HBAR/BNB, HIGH/BNB, HIVE/BNB, HOOK/BNB, HOT/BNB, ICP/BNB, ICX/BNB, ID/BNB, IDEX/BNB, ILV/BNB, IMX/BNB, INJ/BNB, IOTA/BNB, IQ/BNB, IRIS/BNB, JASMY/BNB, JST/BNB, KAVA/BNB, KEEP/BNB, KLAY/BNB, KNC/BNB, KP3R/BNB, KSM/BNB, LINA/BNB, LINK/BNB, LOKA/BNB, LOOM/BNB, LPT/BNB, LRC/BNB, LSK/BNB, LTC/BNB, LTO/BNB, LUNA/BNB, MANA/BNB, MANTA/BNB, MASK/BNB, MATIC/BNB, MBL/BNB, MBOX/BNB, MC/BNB, MCO/BNB, MDT/BNB, MDX/BNB, MEME/BNB, MFT/BNB, MINA/BNB, MITH/BNB, MKR/BNB, MLN/BNB, MOVR/BNB, NANO/BNB, NAS/BNB, NAV/BNB, NCASH/BNB, NEAR/BNB, NEBL/BNB, NEO/BNB, NFP/BNB, NKN/BNB, NTRN/BNB, NU/BNB, NULS/BNB, NXS/BNB, OCEAN/BNB, OGN/BNB, OMG/BNB, ONE/BNB, ONG/BNB, ONT/BNB, OOKI/BNB, OP/BNB, OST/BNB, PAX/BNB, PAXG/BNB, PEOPLE/BNB, PERL/BNB, PHB/BNB, PHX/BNB, PIVX/BNB, PIXEL/BNB, PLA/BNB, POA/BNB, POLS/BNB, POLY/BNB, PORTAL/BNB, POWR/BNB, PROM/BNB, QI/BNB, QLC/BNB, QNT/BNB, QSP/BNB, QTUM/BNB, QUICK/BNB, RAD/BNB, RARE/BNB, RAY/BNB, RCN/BNB, RDN/BNB, REI/BNB, REN/BNB, REP/BNB, RGT/BNB, RLC/BNB, ROSE/BNB, RPX/BNB, RSR/BNB, RUNE/BNB, SAND/BNB, SEI/BNB, SKY/BNB, SLP/BNB, SNX/BNB, SOL/BNB, SPARTA/BNB, SPELL/BNB, SRM/BNB, STEEM/BNB, STORM/BNB, STPT/BNB, STRAT/BNB, STX/BNB, SUI/BNB, SUSHI/BNB, SWRV/BNB, SXP/BNB, SYS/BNB, TCT/BNB, TFUEL/BNB, THETA/BNB, TLM/BNB, TOMO/BNB, TORN/BNB, TRB/BNB, TRIBE/BNB, TRIG/BNB, TROY/BNB, TRX/BNB, TUSD/BNB, UNFI/BNB, UNI/BNB, USDC/BNB, VEN/BNB, VET/BNB, VIA/BNB, VITE/BNB, VOXEL/BNB, VTHO/BNB, WABI/BNB, WAN/BNB, WAVES/BNB, WAXP/BNB, WIN/BNB, WING/BNB, WNXM/BNB, WOO/BNB, WRX/BNB, WTC/BNB, XAI/BNB, XEM/BNB, XLM/BNB, XMR/BNB, XRP/BNB, XTZ/BNB, XVS/BNB, XZC/BNB, YFI/BNB, YFII/BNB, YGG/BNB, YOYOW/BNB, ZEC/BNB, ZEN/BNB, ZIL/BNB, ZRX/BNB",BNBF0/USTF0
SOL,"MSOL/USD, SOL/BTC, SOL/ETH, SOL/EUR, SOL/GBP, SOL/USD, SOL/USDT","SOL/AUD, SOL/BIDR, SOL/BNB, SOL/BRL, SOL/BTC, SOL/BUSD, SOL/ETH, SOL/EUR, SOL/FDUSD, SOL/GBP, SOL/RUB, SOL/TRY, SOL/TUSD, SOL/USD:SOL, SOL/USDC, SOL/USDC:USDC, SOL/USDT, SOL/USDT:USDT","SOL/BTC, SOL/USD, SOL/USDT, SOLF0/BTCF0, SOLF0/USTF0, TESTSOL/TESTUSD, TESTSOLF0/TESTUSDTF0"
STETH,,,"TESTETH/TESTUSD, TESTETHF0/TESTUSDTF0"
XRP,"XRP/BTC, XRP/EUR, XRP/GBP, XRP/USD, XRP/USDT","TRX/XRP, XRP/AUD, XRP/BIDR, XRP/BKRW, XRP/BNB, XRP/BRL, XRP/BTC, XRP/BUSD, XRP/ETH, XRP/EUR, XRP/FDUSD, XRP/GBP, XRP/NGN, XRP/PAX, XRP/RUB, XRP/TRY, XRP/TUSD, XRP/USD:XRP, XRP/USD:XRP-240329, XRP/USD:XRP-240628, XRP/USDC, XRP/USDC:USDC, XRP/USDT, XRP/USDT:USDT, XRPBEAR/BUSD, XRPBEAR/USDT, XRPBULL/BUSD, XRPBULL/USDT, XRPDOWN/USDT, XRPUP/USDT, XZC/XRP","XRP/BTC, XRP/USD, XRP/USDT, XRPF0/BTCF0, XRPF0/USTF0"
USDC,"ADA/USDC, BAT/USDC, BTC/USDC, CVC/USDC, DAI/USDC, DNT/USDC, ETH/USDC, GNT/USDC, LOOM/USDC, MANA/USDC, USDC/EUR, USDC/GBP, USDT/USDC, ZEC/USDC","1000PEPE/USDC:USDC, ADA/USDC, ALGO/USDC, ALT/USDC, ANKR/USDC, ARB/USDC, ATOM/USDC, AUD/USDC, AVAX/USDC, BAT/USDC, BCH/USDC, BCHABC/USDC, BCPT/USDC, BGBP/USDC, BLUR/USDC, BNB/USDC, BNB/USDC:USDC, BSV/USDC, BTC/USDC, BTC/USDC:USDC, BTT/USDC, BTTC/USDC, DOGE/USDC, DOGE/USDC:USDC, DOT/USDC, DUSK/USDC, EOS/USDC, ERD/USDC, ETC/USDC, ETH/USDC, ETH/USDC:USDC, EUR/USDC, FET/USDC, FIL/USDC, FTM/USDC, GTO/USDC, INJ/USDC, JUP/USDC, LINK/USDC, LINK/USDC:USDC, LTC/USDC, MANTA/USDC, MATIC/USDC, NEAR/USDC, NEO/USDC, NPXS/USDC, ONE/USDC, ONT/USDC, OP/USDC, ORDI/USDC, ORDI/USDC:USDC, PEPE/USDC, PERL/USDC, PHB/USDC, PIXEL/USDC, SEI/USDC, SHIB/USDC, SOL/USDC, SOL/USDC:USDC, STRK/USDC, SUI/USDC, SUI/USDC:USDC, TFUEL/USDC, TIA/USDC, TOMO/USDC, TRX/USDC, UNI/USDC, USDC/BNB, USDC/BUSD, USDC/PAX, USDC/TUSD, USDC/USDT, USDC/USDT:USDT, USDS/USDC, WAVES/USDC, WIN/USDC, WLD/USDC, WLD/USDC:USDC, XLM/USDC, XRP/USDC, XRP/USDC:USDC, ZEC/USDC","USDC/USD, USDC/USDT"
ADA,"ADA/BTC, ADA/ETH, ADA/EUR, ADA/GBP, ADA/USD, ADA/USDC, ADA/USDT","ADA/AUD, ADA/BIDR, ADA/BKRW, ADA/BNB, ADA/BRL, ADA/BTC, ADA/BUSD, ADA/ETH, ADA/EUR, ADA/FDUSD, ADA/GBP, ADA/PAX, ADA/RUB, ADA/TRY, ADA/TUSD, ADA/USD:ADA, ADA/USD:ADA-240329, ADA/USD:ADA-240628, ADA/USDC, ADA/USDT, ADA/USDT:USDT, ADADOWN/USDT, ADAUP/USDT","ADA/BTC, ADA/USD, ADA/USDT, ADAF0/USTF0, TESTADA/TESTUSD, TESTADAF0/TESTUSDTF0"
DOGE,"DOGE/BTC, DOGE/EUR, DOGE/GBP, DOGE/USD, DOGE/USDT","DOGE/AUD, DOGE/BIDR, DOGE/BNB, DOGE/BRL, DOGE/BTC, DOGE/BUSD, DOGE/EUR, DOGE/FDUSD, DOGE/GBP, DOGE/PAX, DOGE/RUB, DOGE/TRY, DOGE/TUSD, DOGE/USD:DOGE, DOGE/USDC, DOGE/USDC:USDC, DOGE/USDT, DOGE/USDT:USDT, SHIB/DOGE","DOGE/BTC, DOGE/USD, DOGE/USDT, DOGEF0/USTF0, TESTDOGE/TESTUSD, TESTDOGEF0/TESTUSDTF0"
AVAX,"AVAX/BTC, AVAX/EUR, AVAX/USD, AVAX/USDT","AVAX/AUD, AVAX/BIDR, AVAX/BNB, AVAX/BRL, AVAX/BTC, AVAX/BUSD, AVAX/ETH, AVAX/EUR, AVAX/FDUSD, AVAX/GBP, AVAX/TRY, AVAX/TUSD, AVAX/USD:AVAX, AVAX/USDC, AVAX/USDT, AVAX/USDT:USDT","AVAX/BTC, AVAX/USD, AVAX/USDT, AVAXF0/USTF0, TESTAVAX/TESTUSD, TESTAVAXF0/TESTUSDTF0"
SHIB,"SHIB/EUR, SHIB/GBP, SHIB/USD, SHIB/USDT","1000SHIB/USDT:USDT, SHIB/AUD, SHIB/BRL, SHIB/BUSD, SHIB/DOGE, SHIB/EUR, SHIB/FDUSD, SHIB/GBP, SHIB/RUB, SHIB/TRY, SHIB/TUSD, SHIB/UAH, SHIB/USDC, SHIB/USDT","SHIB/USD, SHIB/USDT, SHIBF0/USTF0"
DOT,"DOT/BTC, DOT/EUR, DOT/GBP, DOT/USD, DOT/USDT","BDOT/DOT, DOT/AUD, DOT/BIDR, DOT/BKRW, DOT/BNB, DOT/BRL, DOT/BTC, DOT/BUSD, DOT/ETH, DOT/EUR, DOT/FDUSD, DOT/GBP, DOT/NGN, DOT/RUB, DOT/TRY, DOT/TUSD, DOT/USD:DOT, DOT/USD:DOT-240329, DOT/USD:DOT-240628, DOT/USDC, DOT/USDT, DOT/USDT:USDT, DOTDOWN/USDT, DOTUP/USDT","DOT/BTC, DOT/USD, DOT/USDT, DOTF0/USTF0, TESTDOT/TESTUSD, TESTDOTF0/TESTUSDTF0"
TON,TONE/USD,TON/USDT:USDT,"TON/USD, TON/USDT"
LINK,"LINK/BTC, LINK/ETH, LINK/EUR, LINK/GBP, LINK/USD, LINK/USDT","LINK/AUD, LINK/BKRW, LINK/BNB, LINK/BRL, LINK/BTC, LINK/BUSD, LINK/ETH, LINK/EUR, LINK/FDUSD, LINK/GBP, LINK/NGN, LINK/PAX, LINK/TRY, LINK/TUSD, LINK/USD:LINK, LINK/USD:LINK-240329, LINK/USD:LINK-240628, LINK/USDC, LINK/USDC:USDC, LINK/USDT, LINK/USDT:USDT, LINKDOWN/USDT, LINKUP/USDT","LINK/USD, LINK/USDT, LINKF0/USTF0"
TRX,,"BTT/TRX, TRX/AUD, TRX/BNB, TRX/BTC, TRX/BUSD, TRX/ETH, TRX/EUR, TRX/NGN, TRX/PAX, TRX/TRY, TRX/TUSD, TRX/USD:TRX, TRX/USDC, TRX/USDT, TRX/USDT:USDT, TRX/XRP, TRXDOWN/USDT, TRXUP/USDT, WIN/TRX","TRX/BTC, TRX/ETH, TRX/EUR, TRX/USD, TRX/USDT, TRXF0/USTF0"
MATIC,"MATIC/BTC, MATIC/EUR, MATIC/GBP, MATIC/USD, MATIC/USDT","MATIC/AUD, MATIC/BIDR, MATIC/BNB, MATIC/BRL, MATIC/BTC, MATIC/BUSD, MATIC/ETH, MATIC/EUR, MATIC/FDUSD, MATIC/GBP, MATIC/RUB, MATIC/TRY, MATIC/TUSD, MATIC/USD:MATIC, MATIC/USDC, MATIC/USDT, MATIC/USDT:USDT","MATIC/BTC, MATIC/USD, MATIC/USDT, MATICF0/USTF0, TESTMATIC/TESTUSD, TESTMATIC/TESTUSDT, TESTMATICF0/TESTUSDTF0"
WBTC,"WBTC/BTC, WBTC/USD","WBTC/BTC, WBTC/BUSD, WBTC/ETH, WBTC/USDT",
UNI,"UNI/BTC, UNI/EUR, UNI/GBP, UNI/USD","UNI/AUD, UNI/BNB, UNI/BTC, UNI/BUSD, UNI/ETH, UNI/EUR, UNI/FDUSD, UNI/TRY, UNI/USD:UNI, UNI/USDC, UNI/USDT, UNI/USDT:USDT, UNIDOWN/USDT, UNIUP/USDT","UNI/USD, UNI/USDT, UNIF0/USTF0"
BCH,"BCH/BTC, BCH/EUR, BCH/GBP, BCH/USD","BCH/BNB, BCH/BTC, BCH/BUSD, BCH/EUR, BCH/FDUSD, BCH/PAX, BCH/TRY, BCH/TUSD, BCH/USD:BCH, BCH/USD:BCH-240329, BCH/USD:BCH-240628, BCH/USDC, BCH/USDT, BCH/USDT:USDT, BCHA/BUSD, BCHABC/BTC, BCHABC/BUSD, BCHABC/PAX, BCHABC/TUSD, BCHABC/USDC, BCHABC/USDT, BCHDOWN/USDT, BCHUP/USDT",BCH/USD
NEAR,"NEAR/USD, NEAR/USDT","NEAR/BNB, NEAR/BTC, NEAR/BUSD, NEAR/ETH, NEAR/EUR, NEAR/FDUSD, NEAR/RUB, NEAR/TRY, NEAR/USD:NEAR, NEAR/USDC, NEAR/USDT, NEAR/USDT:USDT","NEAR/USD, NEAR/USDT, NEARF0/USTF0, TESTNEAR/TESTUSD, TESTNEARF0/TESTUSDTF0"
LTC,"LTC/BTC, LTC/EUR, LTC/GBP, LTC/USD","LTC/BNB, LTC/BRL, LTC/BTC, LTC/BUSD, LTC/ETH, LTC/EUR, LTC/FDUSD, LTC/GBP, LTC/NGN, LTC/PAX, LTC/RUB, LTC/TRY, LTC/TUSD, LTC/UAH, LTC/USD:LTC, LTC/USD:LTC-240329, LTC/USD:LTC-240628, LTC/USDC, LTC/USDT, LTC/USDT:USDT, LTCDOWN/USDT, LTCUP/USDT","LTC/BTC, LTC/USD, LTC/USDT, LTCF0/BTCF0, LTCF0/USTF0, TESTLTC/TESTUSD, TESTLTCF0/TESTUSDTF0"
ICP,"ICP/BTC, ICP/EUR, ICP/GBP, ICP/USD, ICP/USDT","ICP/BNB, ICP/BTC, ICP/BUSD, ICP/ETH, ICP/EUR, ICP/FDUSD, ICP/RUB, ICP/TRY, ICP/USDT, ICP/USDT:USDT","ICP/USD, ICP/USDT, ICPF0/USTF0"
LEO,,,"LEO/BTC, LEO/ETH, LEO/USD, LEO/USDT"
FIL,"FIL/BTC, FIL/EUR, FIL/GBP, FIL/USD","FIL/BNB, FIL/BTC, FIL/BUSD, FIL/ETH, FIL/FDUSD, FIL/TRY, FIL/USD:FIL, FIL/USDC, FIL/USDT, FIL/USDT:USDT, FILDOWN/USDT, FILUP/USDT","FIL/USD, FIL/USDT, FILF0/USTF0, TESTFIL/TESTUSD, TESTFILF0/TESTUSDTF0"
APT,"APT/USD, APT/USDT","APT/BRL, APT/BTC, APT/BUSD, APT/ETH, APT/EUR, APT/FDUSD, APT/TRY, APT/USD:APT, APT/USDT, APT/USDT:USDT","APT/USD, APT/USDT, APTF0/USTF0, TESTAPT/TESTUSD, TESTAPTF0/TESTUSDTF0"
ATOM,"ATOM/BTC, ATOM/EUR, ATOM/GBP, ATOM/USD, ATOM/USDT","ATOM/BIDR, ATOM/BNB, ATOM/BRL, ATOM/BTC, ATOM/BUSD, ATOM/ETH, ATOM/EUR, ATOM/FDUSD, ATOM/PAX, ATOM/TRY, ATOM/TUSD, ATOM/USD:ATOM, ATOM/USDC, ATOM/USDT, ATOM/USDT:USDT","ATOM/BTC, ATOM/USD, ATOM/USDT"
ETC,"ETC/BTC, ETC/EUR, ETC/GBP, ETC/USD","ETC/BNB, ETC/BRL, ETC/BTC, ETC/BUSD, ETC/ETH, ETC/EUR, ETC/FDUSD, ETC/GBP, ETC/PAX, ETC/TRY, ETC/TUSD, ETC/USD:ETC, ETC/USDC, ETC/USDT, ETC/USDT:USDT","ETC/BTC, ETC/USD, ETC/USDT, ETCF0/USTF0"
DAI,"DAI/USD, DAI/USDC, ETH/DAI","BNB/DAI, BTC/DAI, BUSD/DAI, DAI/BNB, DAI/BTC, DAI/BUSD, DAI/USDT, ETH/DAI, USDT/DAI",DAI/USD
IMX,"IMX/USD, IMX/USDT","IMX/BNB, IMX/BTC, IMX/BUSD, IMX/TRY, IMX/USDT, IMX/USDT:USDT",
INJ,INJ/USD,"INJ/BNB, INJ/BTC, INJ/BUSD, INJ/ETH, INJ/FDUSD, INJ/TRY, INJ/TUSD, INJ/USDC, INJ/USDT, INJ/USDT:USDT","INJ/USD, INJ/USDT"
HBAR,"HBAR/USD, HBAR/USDT","HBAR/BNB, HBAR/BTC, HBAR/BUSD, HBAR/TRY, HBAR/USDT, HBAR/USDT:USDT",
RNDR,"RNDR/EUR, RNDR/USD, RNDR/USDT","RNDR/BTC, RNDR/BUSD, RNDR/FDUSD, RNDR/TRY, RNDR/USDT, RNDR/USDT:USDT",
STX,"STX/USD, STX/USDT","STX/BNB, STX/BTC, STX/BUSD, STX/FDUSD, STX/TRY, STX/USDT, STX/USDT:USDT","TESTXAUT/TESTUSD, TESTXAUTF0/TESTUSDTF0, TESTXTZ/TESTUSD, TESTXTZF0/TESTUSDTF0"
OP,"HOPR/USD, HOPR/USDT, OP/USD, OP/USDT","OP/BNB, OP/BTC, OP/BUSD, OP/ETH, OP/EUR, OP/FDUSD, OP/TRY, OP/TUSD, OP/USD:OP, OP/USDC, OP/USDT, OP/USDT:USDT, PEOPLE/BNB, PEOPLE/BTC, PEOPLE/BUSD, PEOPLE/ETH, PEOPLE/USDT, PEOPLE/USDT:USDT","EUROPE50IXF0/USTF0, OPX/USD, OPX/USDT"
PEPE,,"1000PEPE/USDC:USDC, 1000PEPE/USDT:USDT, PEPE/FDUSD, PEPE/TRY, PEPE/TUSD, PEPE/USDC, PEPE/USDT","PEPE/USD, PEPE/USDT"
XLM,"XLM/BTC, XLM/EUR, XLM/USD, XLM/USDT","XLM/BNB, XLM/BTC, XLM/BUSD, XLM/ETH, XLM/EUR, XLM/PAX, XLM/TRY, XLM/TUSD, XLM/USD:XLM, XLM/USDC, XLM/USDT, XLM/USDT:USDT, XLMDOWN/USDT, XLMUP/USDT","XLM/BTC, XLM/USD, XLM/USDT, XLMF0/USTF0"
OKB,,,
CRO,"CRO/EUR, CRO/USD, CRO/USDT",,
GRT,"GRT/BTC, GRT/EUR, GRT/GBP, GRT/USD","GRT/BTC, GRT/BUSD, GRT/ETH, GRT/EUR, GRT/FDUSD, GRT/TRY, GRT/USDT, GRT/USDT:USDT","GRT/USD, GRT/USDT"
TAO,,,
VET,VET/USD,"VET/BNB, VET/BTC, VET/BUSD, VET/ETH, VET/EUR, VET/GBP, VET/TRY, VET/USD:VET-221226, VET/USDT, VET/USDT:USDT","VET/BTC, VET/USD, VET/USDT"
THETA,,"THETA/BNB, THETA/BTC, THETA/BUSD, THETA/ETH, THETA/EUR, THETA/FDUSD, THETA/TRY, THETA/USD:THETA, THETA/USDT, THETA/USDT:USDT","THETA/USD, THETA/USDT"
KAS,,KAS/USDT:USDT,
MNT,,,
WIF,,"WIF/BTC, WIF/FDUSD, WIF/TRY, WIF/USDT, WIF/USDT:USDT","WIF/USD, WIF/USDT"
RUNE,,"RUNE/AUD, RUNE/BNB, RUNE/BTC, RUNE/BUSD, RUNE/ETH, RUNE/EUR, RUNE/FDUSD, RUNE/GBP, RUNE/TRY, RUNE/TUSD, RUNE/USD:RUNE, RUNE/USDT, RUNE/USDT:USDT",
FDUSD,,"1000SATS/FDUSD, ACE/FDUSD, ADA/FDUSD, AEVO/FDUSD, AGIX/FDUSD, AI/FDUSD, ALGO/FDUSD, ALT/FDUSD, APT/FDUSD, ARB/FDUSD, ATOM/FDUSD, AUCTION/FDUSD, AVAX/FDUSD, AXL/FDUSD, BCH/FDUSD, BLUR/FDUSD, BLZ/FDUSD, BNB/FDUSD, BONK/FDUSD, BTC/FDUSD, CHZ/FDUSD, CYBER/FDUSD, DOGE/FDUSD, DOT/FDUSD, DYDX/FDUSD, DYM/FDUSD, EGLD/FDUSD, ENS/FDUSD, ETC/FDUSD, ETH/FDUSD, FDUSD/BUSD, FDUSD/TRY, FDUSD/USDT, FET/FDUSD, FIL/FDUSD, FLOKI/FDUSD, FTM/FDUSD, GALA/FDUSD, GAS/FDUSD, GRT/FDUSD, ICP/FDUSD, INJ/FDUSD, IOTA/FDUSD, JTO/FDUSD, JUP/FDUSD, LDO/FDUSD, LINK/FDUSD, LTC/FDUSD, MAGIC/FDUSD, MANTA/FDUSD, MATIC/FDUSD, MEME/FDUSD, METIS/FDUSD, NEAR/FDUSD, NFP/FDUSD, OP/FDUSD, ORDI/FDUSD, PENDLE/FDUSD, PEPE/FDUSD, PIXEL/FDUSD, PORTAL/FDUSD, PYTH/FDUSD, RNDR/FDUSD, RONIN/FDUSD, RUNE/FDUSD, SAND/FDUSD, SEI/FDUSD, SHIB/FDUSD, SOL/FDUSD, STRK/FDUSD, STX/FDUSD, SUI/FDUSD, SUPER/FDUSD, THETA/FDUSD, TIA/FDUSD, UNI/FDUSD, USTC/FDUSD, WIF/FDUSD, WLD/FDUSD, XAI/FDUSD, XRP/FDUSD",
ARB,ARB/USD,"ARB/BTC, ARB/ETH, ARB/EUR, ARB/FDUSD, ARB/RUB, ARB/TRY, ARB/TUSD, ARB/USDC, ARB/USDT, ARB/USDT:USDT","ARB/USD, ARB/USDT, ARBF0/USTF0"
LDO,LDO/USD,"FILDOWN/USDT, LDO/BTC, LDO/BUSD, LDO/FDUSD, LDO/TRY, LDO/TUSD, LDO/USDT, LDO/USDT:USDT","LDO/USD, LDO/USDT"
TIA,TIA/USD,"TIA/BTC, TIA/FDUSD, TIA/TRY, TIA/TUSD, TIA/USDC, TIA/USDT, TIA/USDT:USDT","TIA/USD, TIA/USDT"
FET,"FET/USD, FET/USDT","FET/BNB, FET/BTC, FET/BUSD, FET/FDUSD, FET/TRY, FET/USDC, FET/USDT, FET/USDT:USDT","FET/USD, FET/USDT"
FLOKI,,"1000FLOKI/USDT:USDT, FLOKI/FDUSD, FLOKI/TRY, FLOKI/TUSD, FLOKI/USDT","FLOKI/USD, FLOKI/USDT"
MKR,"MKR/BTC, MKR/USD","MKR/BNB, MKR/BTC, MKR/BUSD, MKR/USDT, MKR/USDT:USDT","MKR/USD, MKR/USDT, MKRF0/USTF0"
XMR,,"XMR/BNB, XMR/BTC, XMR/BUSD, XMR/ETH, XMR/USDT, XMR/USDT:USDT","XMR/BTC, XMR/USD, XMR/USDT, XMRF0/USTF0"
ALGO,"ALGO/BTC, ALGO/EUR, ALGO/GBP, ALGO/USD","ALGO/BIDR, ALGO/BNB, ALGO/BTC, ALGO/BUSD, ALGO/ETH, ALGO/FDUSD, ALGO/PAX, ALGO/RUB, ALGO/TRY, ALGO/TUSD, ALGO/USD:ALGO, ALGO/USDC, ALGO/USDT, ALGO/USDT:USDT","ALGO/BTC, ALGO/USD, ALGO/USDT, TESTALGO/TESTUSD, TESTALGOF0/TESTUSDTF0"
FTM,,"FTM/AUD, FTM/BIDR, FTM/BNB, FTM/BRL, FTM/BTC, FTM/BUSD, FTM/ETH, FTM/EUR, FTM/FDUSD, FTM/PAX, FTM/RUB, FTM/TRY, FTM/TUSD, FTM/USD:FTM, FTM/USDC, FTM/USDT, FTM/USDT:USDT","FTM/USD, FTM/USDT, FTMF0/USTF0"
GALA,"GALA/EUR, GALA/USD, GALA/USDT","GALA/AUD, GALA/BNB, GALA/BRL, GALA/BTC, GALA/BUSD, GALA/ETH, GALA/EUR, GALA/FDUSD, GALA/TRY, GALA/USD:GALA-221226, GALA/USDT, GALA/USDT:USDT","GALA/USD, GALA/USDT, GALAF0/USTF0"
AR,"ARB/USD, ARPA/EUR, ARPA/USD, ARPA/USDT, DAR/USD, FARM/USD, FARM/USDT, HBAR/USD, HBAR/USDT, NEAR/USD, NEAR/USDT, RARE/USD, RARI/USD, VARA/USD","AR/BNB, AR/BTC, AR/BUSD, AR/TRY, AR/USDT, AR/USDT:USDT, ARB/BTC, ARB/ETH, ARB/EUR, ARB/FDUSD, ARB/RUB, ARB/TRY, ARB/TUSD, ARB/USDC, ARB/USDT, ARB/USDT:USDT, ARDR/BNB, ARDR/BTC, ARDR/ETH, ARDR/USDT, ARK/BTC, ARK/BUSD, ARK/ETH, ARK/TRY, ARK/USDT, ARK/USDT:USDT, ARKM/BNB, ARKM/BTC, ARKM/RUB, ARKM/TRY, ARKM/TUSD, ARKM/USDT, ARKM/USDT:USDT, ARN/BTC, ARN/ETH, ARPA/BNB, ARPA/BTC, ARPA/BUSD, ARPA/ETH, ARPA/RUB, ARPA/TRY, ARPA/USDT, ARPA/USDT:USDT, BAR/BTC, BAR/BUSD, BAR/TRY, BAR/USDT, BEAR/BUSD, BEAR/USDT, BNB/ZAR, BNBBEAR/BUSD, BNBBEAR/USDT, BTC/ARS, BTC/ZAR, BUSD/ZAR, DAR/BNB, DAR/BTC, DAR/BUSD, DAR/ETH, DAR/EUR, DAR/TRY, DAR/USDT, DAR/USDT:USDT, EOSBEAR/BUSD, EOSBEAR/USDT, ETH/ZAR, ETHBEAR/BUSD, ETHBEAR/USDT, FARM/BNB, FARM/BTC, FARM/BUSD, FARM/ETH, FARM/USDT, HARD/BNB, HARD/BTC, HARD/BUSD, HARD/USDT, HBAR/BNB, HBAR/BTC, HBAR/BUSD, HBAR/TRY, HBAR/USDT, HBAR/USDT:USDT, NEAR/BNB, NEAR/BTC, NEAR/BUSD, NEAR/ETH, NEAR/EUR, NEAR/FDUSD, NEAR/RUB, NEAR/TRY, NEAR/USD:NEAR, NEAR/USDC, NEAR/USDT, NEAR/USDT:USDT, RARE/BNB, RARE/BTC, RARE/BUSD, RARE/TRY, RARE/USDT, SPARTA/BNB, USDT/ARS, USDT/ZAR, XRPBEAR/BUSD, XRPBEAR/USDT","ARB/USD, ARB/USDT, ARBF0/USTF0, KARATE/USD, KARATE/USDT, NEAR/USD, NEAR/USDT, NEARF0/USTF0, TESTNEAR/TESTUSD, TESTNEARF0/TESTUSDTF0"
RETH,,,
BONK,BONK/USD,"1000BONK/USDT:USDT, BONK/FDUSD, BONK/TRY, BONK/USDT","BONK/USD, BONK/USDT"
FLOW,"FLOW/USD, FLOW/USDT","FLOW/BNB, FLOW/BTC, FLOW/BUSD, FLOW/USDT, FLOW/USDT:USDT",
SEI,SEI/USD,"SEI/BNB, SEI/BTC, SEI/FDUSD, SEI/TRY, SEI/TUSD, SEI/USDC, SEI/USDT, SEI/USDT:USDT","SEI/USD, SEI/USDT"
METH,,,
BSV,,"BSV/BTC, BSV/PAX, BSV/TUSD, BSV/USDC, BSV/USDT, BSV/USDT:USDT",
AAVE,"AAVE/BTC, AAVE/EUR, AAVE/GBP, AAVE/USD","AAVE/BKRW, AAVE/BNB, AAVE/BRL, AAVE/BTC, AAVE/BUSD, AAVE/ETH, AAVE/USD:AAVE, AAVE/USDT, AAVE/USDT:USDT, AAVEDOWN/USDT, AAVEUP/USDT","AAVE/USD, AAVE/USDT, AAVEF0/USTF0"
QNT,"QNT/USD, QNT/USDT","QNT/BNB, QNT/BTC, QNT/BUSD, QNT/USDT, QNT/USDT:USDT",
BEAM,,"BEAM/BNB, BEAM/BTC, BEAM/USDT, BEAMX/TRY, BEAMX/USDT, BEAMX/USDT:USDT",
EGLD,EGLD/USD,"EGLD/BNB, EGLD/BTC, EGLD/BUSD, EGLD/ETH, EGLD/EUR, EGLD/FDUSD, EGLD/RON, EGLD/USD:EGLD, EGLD/USDT, EGLD/USDT:USDT","EGLD/USD, EGLD/USDT, EGLDF0/USTF0"
SUI,SUI/USD,"SUI/BNB, SUI/BTC, SUI/EUR, SUI/FDUSD, SUI/TRY, SUI/TUSD, SUI/USDC, SUI/USDC:USDC, SUI/USDT, SUI/USDT:USDT","SUI/USD, SUI/USDT"
STRK,STRK/USD,"STRK/BTC, STRK/FDUSD, STRK/TRY, STRK/USDC, STRK/USDT, STRK/USDT:USDT","STRK/USD, STRK/USDT"
AXS,"AXS/BTC, AXS/EUR, AXS/USD, AXS/USDT","AXS/AUD, AXS/BNB, AXS/BRL, AXS/BTC, AXS/BUSD, AXS/ETH, AXS/TRY, AXS/USD:AXS, AXS/USDT, AXS/USDT:USDT","AXS/USD, AXS/USDT, AXSF0/USTF0"
DYDX,,"DYDX/BNB, DYDX/BTC, DYDX/BUSD, DYDX/ETH, DYDX/FDUSD, DYDX/TRY, DYDX/USDT, DYDX/USDT:USDT",
SAND,"SAND/USD, SAND/USDT","SAND/AUD, SAND/BIDR, SAND/BNB, SAND/BRL, SAND/BTC, SAND/BUSD, SAND/ETH, SAND/FDUSD, SAND/TRY, SAND/USD:SAND, SAND/USDT, SAND/USDT:USDT","SAND/USD, SAND/USDT, SANDF0/USTF0"
ORDI,,"ORDI/BTC, ORDI/FDUSD, ORDI/TRY, ORDI/TUSD, ORDI/USDC, ORDI/USDC:USDC, ORDI/USDT, ORDI/USDT:USDT",
BTT,,"BTT/BNB, BTT/BRL, BTT/BTC, BTT/BUSD, BTT/EUR, BTT/PAX, BTT/TRX, BTT/TRY, BTT/TUSD, BTT/USDC, BTT/USDT, BTTC/BUSD, BTTC/TRY, BTTC/USDC, BTTC/USDT",BTT/USD
SNX,"SNX/BTC, SNX/EUR, SNX/GBP, SNX/USD","SNX/BNB, SNX/BTC, SNX/BUSD, SNX/ETH, SNX/TRY, SNX/USDT, SNX/USDT:USDT","SNX/USD, SNX/USDT"
AGIX,,"AGIX/BTC, AGIX/BUSD, AGIX/FDUSD, AGIX/TRY, AGIX/USDT, AGIX/USDT:USDT",
MINA,"MINA/EUR, MINA/USD, MINA/USDT","MINA/BNB, MINA/BTC, MINA/BUSD, MINA/TRY, MINA/USDT, MINA/USDT:USDT",
WEETH,,,
RBN,RBN/USD,,
KCS,,,
WLD,,"WLD/BTC, WLD/FDUSD, WLD/RUB, WLD/TRY, WLD/USDC, WLD/USDC:USDC, WLD/USDT, WLD/USDT:USDT",
FLR,FLR/USD,,"FLR/USD, FLR/USDT"
APE,"APE/EUR, APE/USD, APE/USDT","APE/AUD, APE/BNB, APE/BRL, APE/BTC, APE/BUSD, APE/ETH, APE/EUR, APE/GBP, APE/TRY, APE/USD:APE, APE/USDT, APE/USDT:USDT","APE/USD, APE/USDT, APEF0/USTF0, APENFT/USD, APENFT/USDT"
CHZ,"CHZ/EUR, CHZ/GBP, CHZ/USD, CHZ/USDT","CHZ/BNB, CHZ/BRL, CHZ/BTC, CHZ/BUSD, CHZ/EUR, CHZ/FDUSD, CHZ/GBP, CHZ/TRY, CHZ/USD:CHZ, CHZ/USDT, CHZ/USDT:USDT","CHZ/USD, CHZ/USDT"
CFX,,"CFX/BTC, CFX/BUSD, CFX/TRY, CFX/TUSD, CFX/USDT, CFX/USDT:USDT",
MANA,"MANA/BTC, MANA/ETH, MANA/EUR, MANA/USD, MANA/USDC","MANA/BIDR, MANA/BNB, MANA/BRL, MANA/BTC, MANA/BUSD, MANA/ETH, MANA/TRY, MANA/USD:MANA, MANA/USDT, MANA/USDT:USDT","MANA/BTC, MANA/USD"
XTZ,"XTZ/BTC, XTZ/EUR, XTZ/GBP, XTZ/USD","XTZ/BNB, XTZ/BTC, XTZ/BUSD, XTZ/ETH, XTZ/TRY, XTZ/USD:XTZ, XTZ/USDT, XTZ/USDT:USDT, XTZDOWN/USDT, XTZUP/USDT","TESTXTZ/TESTUSD, TESTXTZF0/TESTUSDTF0, XTZ/BTC, XTZ/USD, XTZ/USDT, XTZF0/USTF0"
TKX,,,
EETH,,,
HNT,HNT/USD,"HNT/BTC, HNT/BUSD, HNT/USDT, HNT/USDT:USDT",
EOS,"EOS/BTC, EOS/EUR, EOS/USD","EOS/AUD, EOS/BNB, EOS/BTC, EOS/BUSD, EOS/ETH, EOS/EUR, EOS/PAX, EOS/TRY, EOS/TUSD, EOS/USD:EOS, EOS/USDC, EOS/USDT, EOS/USDT:USDT, EOSBEAR/BUSD, EOSBEAR/USDT, EOSBULL/BUSD, EOSBULL/USDT, EOSDOWN/USDT, EOSUP/USDT","EOS/BTC, EOS/ETH, EOS/USD, EOS/USDT, EOSF0/USTF0, TESTEOS/TESTUSD, TESTEOSF0/TESTUSDTF0"
SATS,,"1000SATS/FDUSD, 1000SATS/TRY, 1000SATS/USDT, 1000SATS/USDT:USDT",
TUSD,,"ADA/TUSD, AI/TUSD, ALGO/TUSD, ANKR/TUSD, ARB/TUSD, ARKM/TUSD, ATOM/TUSD, AVAX/TUSD, BAT/TUSD, BCH/TUSD, BCHABC/TUSD, BCPT/TUSD, BNB/TUSD, BSV/TUSD, BTC/TUSD, BTT/TUSD, CAKE/TUSD, CFX/TUSD, COMP/TUSD, CYBER/TUSD, DOGE/TUSD, DOT/TUSD, EDU/TUSD, EOS/TUSD, ETC/TUSD, ETH/TUSD, FLOKI/TUSD, FRONT/TUSD, FTM/TUSD, GTO/TUSD, ID/TUSD, INJ/TUSD, LDO/TUSD, LINK/TUSD, LTC/TUSD, MATIC/TUSD, MAV/TUSD, MEME/TUSD, NEO/TUSD, NFP/TUSD, ONE/TUSD, OP/TUSD, ORDI/TUSD, PAX/TUSD, PENDLE/TUSD, PEPE/TUSD, PHB/TUSD, QUICK/TUSD, RDNT/TUSD, RUNE/TUSD, SEI/TUSD, SHIB/TUSD, SOL/TUSD, SSV/TUSD, SUI/TUSD, TFUEL/TUSD, TIA/TUSD, TRX/TUSD, TUSD/BNB, TUSD/BTC, TUSD/BUSD, TUSD/ETH, TUSD/TRY, TUSD/USDT, TUSDB/TUSD, USDC/TUSD, USDS/TUSD, WAVES/TUSD, XAI/TUSD, XLM/TUSD, XRP/TUSD, XVG/TUSD, ZEC/TUSD","TESTADA/TESTUSD, TESTADAF0/TESTUSDTF0, TESTALGO/TESTUSD, TESTALGOF0/TESTUSDTF0, TESTAPT/TESTUSD, TESTAPTF0/TESTUSDTF0, TESTAVAX/TESTUSD, TESTAVAXF0/TESTUSDTF0, TESTBTC/TESTUSD, TESTBTC/TESTUSDT, TESTBTCF0/TESTUSDTF0, TESTDOGE/TESTUSD, TESTDOGEF0/TESTUSDTF0, TESTDOT/TESTUSD, TESTDOTF0/TESTUSDTF0, TESTEOS/TESTUSD, TESTEOSF0/TESTUSDTF0, TESTETH/TESTUSD, TESTETHF0/TESTUSDTF0, TESTFIL/TESTUSD, TESTFILF0/TESTUSDTF0, TESTLTC/TESTUSD, TESTLTCF0/TESTUSDTF0, TESTMATIC/TESTUSD, TESTMATIC/TESTUSDT, TESTMATICF0/TESTUSDTF0, TESTNEAR/TESTUSD, TESTNEARF0/TESTUSDTF0, TESTSOL/TESTUSD, TESTSOLF0/TESTUSDTF0, TESTXAUT/TESTUSD, TESTXAUTF0/TESTUSDTF0, TESTXTZ/TESTUSD, TESTXTZF0/TESTUSDTF0, TUSD/USD, TUSD/USDT"
PYTH,,"PYTH/BTC, PYTH/FDUSD, PYTH/TRY, PYTH/USDT, PYTH/USDT:USDT",
AKT,,,
RON,,"BTC/RON, BUSD/RON, EGLD/RON, FRONT/BTC, FRONT/BUSD, FRONT/ETH, FRONT/TRY, FRONT/TUSD, FRONT/USDT, FRONT/USDT:USDT, RONIN/BTC, RONIN/FDUSD, RONIN/TRY, RONIN/USDT, RONIN/USDT:USDT, USDT/RON",
XEC,,"1000XEC/USDT:USDT, XEC/BUSD, XEC/TRY, XEC/USDT",
BGB,,BGBP/USDC,"BGB/USD, BGB/USDT"
JUP,JUP/USD,"JUP/FDUSD, JUP/TRY, JUP/USDC, JUP/USDT, JUP/USDT:USDT","JUP/USD, JUP/USDT"
WBT,"WBTC/BTC, WBTC/USD","WBTC/BTC, WBTC/BUSD, WBTC/ETH, WBTC/USDT","WBT/BTC, WBT/USD"
IOTA,,"IOTA/BNB, IOTA/BTC, IOTA/BUSD, IOTA/ETH, IOTA/FDUSD, IOTA/TRY, IOTA/USDT, IOTA/USDT:USDT","IOTA/BTC, IOTA/USD"
AXL,"AXL/USD, WAXL/USD","AXL/BTC, AXL/FDUSD, AXL/TRY, AXL/USDT, AXL/USDT:USDT",
NEO,,"NEO/BNB, NEO/BTC, NEO/BUSD, NEO/ETH, NEO/PAX, NEO/RUB, NEO/TRY, NEO/TUSD, NEO/USDC, NEO/USDT, NEO/USDT:USDT","NEO/BTC, NEO/USD, NEO/USDT, NEOF0/USTF0"
CAKE,,"CAKE/AUD, CAKE/BNB, CAKE/BRL, CAKE/BTC, CAKE/BUSD, CAKE/GBP, CAKE/TRY, CAKE/TUSD, CAKE/USDT, CAKE/USDT:USDT",
ETHDYDX,,,
FRXETH,,,
KAVA,KAVA/USD,"KAVA/BNB, KAVA/BTC, KAVA/BUSD, KAVA/ETH, KAVA/USDT, KAVA/USDT:USDT","KAVA/USD, KAVA/USDT"
MSOL,MSOL/USD,,
ROSE,"ROSE/USD, ROSE/USDT","ROSE/BNB, ROSE/BTC, ROSE/BUSD, ROSE/ETH, ROSE/TRY, ROSE/USD:ROSE, ROSE/USDT, ROSE/USDT:USDT",
CORGIAI,,,
KLAY,,"KLAY/BNB, KLAY/BTC, KLAY/BUSD, KLAY/USDT, KLAY/USDT:USDT",
GNO,"GNO/USD, GNO/USDT","GNO/BNB, GNO/BTC, GNO/BUSD, GNO/USDT",GNO/USD
OSMO,OSMO/USD,"OSMO/BTC, OSMO/BUSD, OSMO/USDT",
WEMIX,,,
ZRX,"ZRX/BTC, ZRX/EUR, ZRX/USD","BZRX/BNB, BZRX/BTC, BZRX/BUSD, BZRX/USDT, ZRX/BNB, ZRX/BTC, ZRX/BUSD, ZRX/ETH, ZRX/USDT, ZRX/USDT:USDT",ZRX/USD
LUNC,,"1000LUNC/USDT:USDT, LUNC/BUSD, LUNC/TRY, LUNC/USDT",
USDE,,,
BLUR,BLUR/USD,"BLUR/BTC, BLUR/FDUSD, BLUR/TRY, BLUR/USDC, BLUR/USDT, BLUR/USDT:USDT","BLUR/USD, BLUR/USDT"
WOO,,"WOO/BNB, WOO/BTC, WOO/BUSD, WOO/USDT, WOO/USDT:USDT","WOO/USD, WOO/USDT"
CHEEL,,,
DYM,,"DYM/BTC, DYM/FDUSD, DYM/TRY, DYM/USDT, DYM/USDT:USDT","DYM/USD, DYM/USDT"
CRV,"CRV/BTC, CRV/EUR, CRV/GBP, CRV/USD","CRV/BNB, CRV/BTC, CRV/BUSD, CRV/ETH, CRV/USDT, CRV/USDT:USDT","CRV/USD, CRV/USDT, CRVF0/USTF0"
JASMY,"JASMY/USD, JASMY/USDT","JASMY/BNB, JASMY/BTC, JASMY/BUSD, JASMY/ETH, JASMY/EUR, JASMY/TRY, JASMY/USDT, JASMY/USDT:USDT","JASMY/USD, JASMY/USDT, JASMYF0/USTF0"
SWETH,,,
GT,"BIGTIME/USD, GTC/USD, RGT/USD","BIGTIME/USDT:USDT, GTC/BNB, GTC/BTC, GTC/BUSD, GTC/USDT, GTC/USDT:USDT, GTO/BNB, GTO/BTC, GTO/BUSD, GTO/ETH, GTO/PAX, GTO/TUSD, GTO/USDC, GTO/USDT, RGT/BNB, RGT/BTC, RGT/BUSD, RGT/USDT","GTX/USD, GTX/USDT"
ASTR,,"ASTR/BTC, ASTR/BUSD, ASTR/ETH, ASTR/USDT, ASTR/USDT:USDT",
BTG,,"BTG/BTC, BTG/BUSD, BTG/ETH, BTG/USDT",
MANTA,,"MANTA/BNB, MANTA/BTC, MANTA/FDUSD, MANTA/TRY, MANTA/USDC, MANTA/USDT, MANTA/USDT:USDT",
CKB,,"CKB/BTC, CKB/BUSD, CKB/TRY, CKB/USDT, CKB/USDT:USDT",
ILV,ILV/USD,"ILV/BNB, ILV/BTC, ILV/BUSD, ILV/USDT, ILV/USDT:USDT",
ENJ,"ENJ/BTC, ENJ/USD, ENJ/USDT","ENJ/BNB, ENJ/BRL, ENJ/BTC, ENJ/BUSD, ENJ/ETH, ENJ/EUR, ENJ/GBP, ENJ/TRY, ENJ/USDT, ENJ/USDT:USDT",
NEXO,,"NEXO/BTC, NEXO/BUSD, NEXO/USDT","NEXO/BTC, NEXO/USD, NEXO/USDT"
SFRXETH,,,
AIOZ,"AIOZ/USD, AIOZ/USDT",,
ONDO,ONDO/USD,ONDO/USDT:USDT,
HOT,,"HOT/BNB, HOT/BRL, HOT/BTC, HOT/BUSD, HOT/ETH, HOT/EUR, HOT/TRY, HOT/USDT, HOT/USDT:USDT",
MEME,,"MEME/BNB, MEME/ETH, MEME/FDUSD, MEME/TRY, MEME/TUSD, MEME/USDT, MEME/USDT:USDT","MEME/USD, MEME/USDT"
IOTX,"IOTX/EUR, IOTX/USD","IOTX/BTC, IOTX/BUSD, IOTX/ETH, IOTX/USDT, IOTX/USDT:USDT",
ENS,"ENS/EUR, ENS/USD, ENS/USDT","ENS/BNB, ENS/BTC, ENS/BUSD, ENS/FDUSD, ENS/TRY, ENS/USD:ENS, ENS/USDT, ENS/USDT:USDT",
CBETH,"CBETH/ETH, CBETH/USD",,
CELO,"CELO/BTC, CELO/EUR, CELO/GBP, CELO/USD","CELO/BTC, CELO/BUSD, CELO/USDT, CELO/USDT:USDT","CELO/USD, CELO/USDT"
1INCH,"1INCH/BTC, 1INCH/EUR, 1INCH/GBP, 1INCH/USD","1INCH/BTC, 1INCH/BUSD, 1INCH/USDT, 1INCH/USDT:USDT, 1INCHDOWN/USDT, 1INCHUP/USDT","1INCH/USD, 1INCH/USDT"
USDD,,,
STSOL,,,"TESTSOL/TESTUSD, TESTSOLF0/TESTUSDTF0"
RPL,RPL/USD,"RPL/BTC, RPL/BUSD, RPL/USDT",
RSETH,,,
FXS,,"FXS/BTC, FXS/BUSD, FXS/USDT, FXS/USDT:USDT",
XDC,,,"XDC/USD, XDC/USDT"
LUNA,"WLUNA/EUR, WLUNA/GBP, WLUNA/USD, WLUNA/USDT","LUNA/AUD, LUNA/BIDR, LUNA/BNB, LUNA/BRL, LUNA/BTC, LUNA/BUSD, LUNA/ETH, LUNA/EUR, LUNA/GBP, LUNA/TRY, LUNA/USDT, LUNA/UST, LUNA2/USDT:USDT","LUNA/USD, LUNA/USDT"
XRD,,,"XRD/BTC, XRD/USD"
ZIL,,"ZIL/BIDR, ZIL/BNB, ZIL/BTC, ZIL/BUSD, ZIL/ETH, ZIL/EUR, ZIL/TRY, ZIL/USD:ZIL-221226, ZIL/USDT, ZIL/USDT:USDT",ZIL/USD
OCEAN,OCEAN/USD,"OCEAN/BNB, OCEAN/BTC, OCEAN/BUSD, OCEAN/TRY, OCEAN/USDT, OCEAN/USDT:USDT","OCEAN/USD, OCEAN/USDT"
ID,"FIDA/EUR, FIDA/USD, FIDA/USDT, IDEX/USD, IDEX/USDT","ADA/BIDR, ALGO/BIDR, ALICE/BIDR, ATOM/BIDR, AVAX/BIDR, BNB/BIDR, BNB/IDRT, BTC/BIDR, BTC/IDRT, BUSD/BIDR, BUSD/IDRT, DOGE/BIDR, DOT/BIDR, ETH/BIDR, FIDA/BNB, FIDA/BTC, FIDA/BUSD, FIDA/TRY, FIDA/USDT, FIS/BIDR, FTM/BIDR, ID/BNB, ID/BTC, ID/EUR, ID/TRY, ID/TUSD, ID/USDT, ID/USDT:USDT, IDEX/BNB, IDEX/BTC, IDEX/BUSD, IDEX/USDT, IDEX/USDT:USDT, LUNA/BIDR, MANA/BIDR, MATIC/BIDR, ONE/BIDR, REEF/BIDR, SAND/BIDR, SLP/BIDR, SOL/BIDR, SRM/BIDR, SUSHIDOWN/USDT, SXP/BIDR, TKO/BIDR, UNIDOWN/USDT, USDT/BIDR, USDT/IDRT, VIDT/BTC, VIDT/BUSD, VIDT/USDT, XRP/BIDR, YFIDOWN/USDT, ZIL/BIDR","ID/USD, SIDUS/USD"
METIS,"METIS/USD, METIS/USDT","METIS/BTC, METIS/FDUSD, METIS/TRY, METIS/USDT, METIS/USDT:USDT",
PRIME,PRIME/USD,,
LPT,LPT/USD,"LPT/BNB, LPT/BTC, LPT/BUSD, LPT/TRY, LPT/USDT, LPT/USDT:USDT",
TWT,,"TWT/BTC, TWT/BUSD, TWT/TRY, TWT/USDT, TWT/USDT:USDT",
GMT,"GMT/USD, GMT/USDT","GMT/AUD, GMT/BNB, GMT/BRL, GMT/BTC, GMT/BUSD, GMT/ETH, GMT/EUR, GMT/GBP, GMT/TRY, GMT/USD:GMT, GMT/USDT, GMT/USDT:USDT",
FRAX,,,
AMP,"AMP/USD, WAMPL/USD, WAMPL/USDT","AMP/BNB, AMP/BTC, AMP/BUSD, AMP/TRY, AMP/USDT, RAMP/BTC, RAMP/BUSD, RAMP/USDT","AMPL/BTC, AMPL/USD, AMPL/USDT"
LRC,"LRC/BTC, LRC/USD, LRC/USDT","LRC/BNB, LRC/BTC, LRC/BUSD, LRC/ETH, LRC/TRY, LRC/USDT, LRC/USDT:USDT",LRC/USD
NFT,,,"APENFT/USD, APENFT/USDT"
ARKM,,"ARKM/BNB, ARKM/BTC, ARKM/RUB, ARKM/TRY, ARKM/TUSD, ARKM/USDT, ARKM/USDT:USDT",
SUPER,"SUPER/USD, SUPER/USDT","SUPER/BTC, SUPER/BUSD, SUPER/FDUSD, SUPER/TRY, SUPER/USDT, SUPER/USDT:USDT",
SC,,"SC/BTC, SC/BUSD, SC/ETH, SC/USDT, SC/USDT:USDT, SCRT/BTC, SCRT/BUSD, SCRT/ETH, SCRT/USDT",
GLM,GLM/USD,"GLM/BTC, GLM/BUSD, GLM/ETH, GLM/USDT, GLM/USDT:USDT, GLMR/BNB, GLMR/BTC, GLMR/BUSD, GLMR/USDT, GLMR/USDT:USDT",
ALT,,"ALT/BNB, ALT/BTC, ALT/FDUSD, ALT/TRY, ALT/USDC, ALT/USDT, ALT/USDT:USDT, SALT/BTC, SALT/ETH","ALT2612/USD, ALT2612/USDT"
COMP,"COMP/BTC, COMP/USD","COMP/BNB, COMP/BTC, COMP/BUSD, COMP/TRY, COMP/TUSD, COMP/USDT, COMP/USDT:USDT","COMP/USD, COMP/USDT, COMPF0/USTF0"
CORE,,,
TFUEL,,"TFUEL/BNB, TFUEL/BTC, TFUEL/BUSD, TFUEL/PAX, TFUEL/TUSD, TFUEL/USDC, TFUEL/USDT",
PIXEL,,"PIXEL/BNB, PIXEL/BTC, PIXEL/FDUSD, PIXEL/TRY, PIXEL/USDC, PIXEL/USDT, PIXEL/USDT:USDT",
CSPR,,,
DEXE,,"DEXE/BUSD, DEXE/ETH, DEXE/USDT",
SKL,"SKL/BTC, SKL/EUR, SKL/GBP, SKL/USD","SKL/BTC, SKL/BUSD, SKL/TRY, SKL/USDT, SKL/USDT:USDT",
GLMR,,"GLMR/BNB, GLMR/BTC, GLMR/BUSD, GLMR/USDT, GLMR/USDT:USDT",
ANKR,"ANKR/BTC, ANKR/EUR, ANKR/GBP, ANKR/USD","ANKR/BNB, ANKR/BTC, ANKR/BUSD, ANKR/PAX, ANKR/TRY, ANKR/TUSD, ANKR/USDC, ANKR/USDT, ANKR/USDT:USDT",
QTUM,,"QTUM/BNB, QTUM/BTC, QTUM/BUSD, QTUM/ETH, QTUM/USDT, QTUM/USDT:USDT",QTUM/USD
GMX,,"GMX/BTC, GMX/BUSD, GMX/USDT, GMX/USDT:USDT",
FTN,,,
XAUT,,,"BTC/XAUT, ETH/XAUT, TESTXAUT/TESTUSD, TESTXAUTF0/TESTUSDTF0, XAUT/BTC, XAUT/USD, XAUT/USDT, XAUTF0/BTCF0, XAUTF0/USTF0"
BAT,"BAT/BTC, BAT/ETH, BAT/EUR, BAT/USD, BAT/USDC","BAT/BNB, BAT/BTC, BAT/BUSD, BAT/ETH, BAT/PAX, BAT/TUSD, BAT/USDC, BAT/USDT, BAT/USDT:USDT",BAT/USD
ZETA,ZETA/USD,ZETA/USDT:USDT,"ZETA/USD, ZETA/USDT"
KSM,"KSM/USD, KSM/USDT","KSM/AUD, KSM/BNB, KSM/BTC, KSM/BUSD, KSM/ETH, KSM/USDT, KSM/USDT:USDT","KSM/USD, KSM/USDT"
XEM,,"XEM/BNB, XEM/BTC, XEM/BUSD, XEM/ETH, XEM/USDT, XEM/USDT:USDT",
CWBTC,,,
ZEC,"ZEC/BTC, ZEC/USD, ZEC/USDC","ZEC/BNB, ZEC/BTC, ZEC/BUSD, ZEC/ETH, ZEC/PAX, ZEC/TUSD, ZEC/USDC, ZEC/USDT, ZEC/USDT:USDT","ZEC/BTC, ZEC/USD, ZECF0/USTF0"
GAS,,"GAS/BTC, GAS/BUSD, GAS/FDUSD, GAS/TRY, GAS/USDT, GAS/USDT:USDT",
TRAC,"TRAC/EUR, TRAC/USD, TRAC/USDT",,
KUJI,,,
ETHX,,,
KDA,,"KDA/BTC, KDA/BUSD, KDA/USDT",
BICO,"BICO/EUR, BICO/USD, BICO/USDT","BICO/BTC, BICO/BUSD, BICO/USDT, BICO/USDT:USDT",
ETHW,,ETHW/USDT:USDT,"ETHW/USD, ETHW/USDT"
DASH,"DASH/BTC, DASH/USD","DASH/BNB, DASH/BTC, DASH/BUSD, DASH/ETH, DASH/USDT, DASH/USDT:USDT","DASH/BTC, DASH/USD"
ELF,,"ELF/BTC, ELF/BUSD, ELF/ETH, ELF/USDT",
MOG,,,
MASK,"MASK/EUR, MASK/GBP, MASK/USD, MASK/USDT","MASK/BNB, MASK/BUSD, MASK/USDT, MASK/USDT:USDT",
GAL,"GAL/USD, GAL/USDT, GALA/EUR, GALA/USD, GALA/USDT","GAL/BNB, GAL/BRL, GAL/BTC, GAL/BUSD, GAL/ETH, GAL/EUR, GAL/TRY, GAL/USDT, GAL/USDT:USDT, GALA/AUD, GALA/BNB, GALA/BRL, GALA/BTC, GALA/BUSD, GALA/ETH, GALA/EUR, GALA/FDUSD, GALA/TRY, GALA/USD:GALA-221226, GALA/USDT, GALA/USDT:USDT","GALA/USD, GALA/USDT, GALAF0/USTF0"
DCR,,"DCR/BNB, DCR/BTC, DCR/BUSD, DCR/USDT",
XCH,,,
PAAL,,,
NOS,,,
VANRY,,"VANRY/BTC, VANRY/TRY, VANRY/USDT, VANRY/USDT:USDT",
FLUX,,"FLUX/BTC, FLUX/BUSD, FLUX/USDT",
BABYDOGE,,,
MOBILE,MOBILE/USD,,
WAVES,,"WAVES/BNB, WAVES/BTC, WAVES/BUSD, WAVES/ETH, WAVES/EUR, WAVES/PAX, WAVES/RUB, WAVES/TRY, WAVES/TUSD, WAVES/USDC, WAVES/USDT, WAVES/USDT:USDT","WAVES/USD, WAVES/USDT, WAVESF0/USTF0"
DESO,"DESO/EUR, DESO/USD, DESO/USDT",,
AZERO,,,"AZERO/USD, AZERO/USDT"
RVN,,"RVN/BTC, RVN/BUSD, RVN/TRY, RVN/USDT, RVN/USDT:USDT",
$MYRO,,,
CETH,,,
STRD,,,
ONE,"HONEY/USD, TONE/USD","ONE/BIDR, ONE/BNB, ONE/BTC, ONE/BUSD, ONE/ETH, ONE/PAX, ONE/TRY, ONE/TUSD, ONE/USDC, ONE/USDT, ONE/USDT:USDT",
OKT,,,
SAVAX,,,
COQ,,,
TEL,,,
PAXG,,"PAXG/BNB, PAXG/BTC, PAXG/BUSD, PAXG/TRY, PAXG/USDT",
PORTAL,,"PORTAL/BNB, PORTAL/BTC, PORTAL/FDUSD, PORTAL/TRY, PORTAL/USDT, PORTAL/USDT:USDT",
AUDIO,AUDIO/USD,"AUDIO/BTC, AUDIO/BUSD, AUDIO/TRY, AUDIO/USDT, AUDIO/USDT:USDT",
API3,"API3/USD, API3/USDT","API3/BNB, API3/BTC, API3/BUSD, API3/TRY, API3/USDT, API3/USDT:USDT",
CVX,CVX/USD,"CVX/BTC, CVX/BUSD, CVX/USDT, CVX/USDT:USDT",
ANT,ANT/USD,"ANT/BNB, ANT/BTC, ANT/BUSD, ANT/USDT, ANT/USDT:USDT, MANTA/BNB, MANTA/BTC, MANTA/FDUSD, MANTA/TRY, MANTA/USDC, MANTA/USDT, MANTA/USDT:USDT, SANTOS/BRL, SANTOS/BTC, SANTOS/BUSD, SANTOS/TRY, SANTOS/USDT",
NTRN,,"NTRN/BNB, NTRN/BTC, NTRN/TRY, NTRN/USDT, NTRN/USDT:USDT",
DAO,,,
XAI,,"XAI/BNB, XAI/BTC, XAI/FDUSD, XAI/TRY, XAI/TUSD, XAI/USDT, XAI/USDT:USDT",
MX,"IMX/USD, IMX/USDT, MXC/USD","BEAMX/TRY, BEAMX/USDT, BEAMX/USDT:USDT, GMX/BTC, GMX/BUSD, GMX/USDT, GMX/USDT:USDT, IMX/BNB, IMX/BTC, IMX/BUSD, IMX/TRY, IMX/USDT, IMX/USDT:USDT, STMX/BTC, STMX/BUSD, STMX/ETH, STMX/USDT, STMX/USDT:USDT","BTC/MXNT, ETH/MXNT, EURT/MXNT, MXNT/USD, USDT/MXNT"
SUSHI,"SUSHI/BTC, SUSHI/ETH, SUSHI/EUR, SUSHI/GBP, SUSHI/USD","SUSHI/BNB, SUSHI/BTC, SUSHI/BUSD, SUSHI/USDT, SUSHI/USDT:USDT, SUSHIDOWN/USDT, SUSHIUP/USDT","SUSHI/USD, SUSHI/USDT, SUSHIF0/USTF0"
0X0,,,
SFP,,"SFP/BTC, SFP/BUSD, SFP/USDT, SFP/USDT:USDT",
JST,,"JST/BNB, JST/BTC, JST/BUSD, JST/USDT","JST/BTC, JST/USD, JST/USDT"
RLB,,,
RAY,,"RAY/BNB, RAY/BUSD, RAY/USDT, RAY/USDT:USDT",
UMA,"UMA/BTC, UMA/EUR, UMA/GBP, UMA/USD","UMA/BTC, UMA/BUSD, UMA/TRY, UMA/USDT, UMA/USDT:USDT",
BOBA,"BOBA/USD, BOBA/USDT",,BOBA/USD
BAND,"BAND/BTC, BAND/EUR, BAND/GBP, BAND/USD","BAND/BNB, BAND/BTC, BAND/BUSD, BAND/TRY, BAND/USDT, BAND/USDT:USDT","BAND/USD, BAND/USDT"
AGI,MAGIC/USD,"AGI/BNB, AGI/BTC, AGI/ETH, AGIX/BTC, AGIX/BUSD, AGIX/FDUSD, AGIX/TRY, AGIX/USDT, AGIX/USDT:USDT, MAGIC/BTC, MAGIC/BUSD, MAGIC/FDUSD, MAGIC/TRY, MAGIC/USDT, MAGIC/USDT:USDT",
T,"1INCH/BTC, AAVE/BTC, ABT/USD, ACH/USDT, ADA/BTC, ADA/ETH, ADA/USDT, AGLD/USDT, AIOZ/USDT, ALCX/USDT, ALGO/BTC, ANKR/BTC, ANT/USD, APE/USDT, API3/USDT, APT/USD, APT/USDT, ARPA/USDT, ASM/USDT, AST/USD, ATA/USD, ATA/USDT, ATOM/BTC, ATOM/EUR, ATOM/GBP, ATOM/USD, ATOM/USDT, AUCTION/EUR, AUCTION/USD, AUCTION/USDT, AVAX/BTC, AVAX/USDT, AVT/USD, AXS/BTC, AXS/USDT, BADGER/USDT, BAL/BTC, BAND/BTC, BAT/BTC, BAT/ETH, BAT/EUR, BAT/USD, BAT/USDC, BCH/BTC, BICO/USDT, BIGTIME/USD, BIT/USD, BIT/USDT, BNT/BTC, BNT/EUR, BNT/GBP, BNT/USD, BOBA/USDT, BOND/USDT, BTC/EUR, BTC/GBP, BTC/USD, BTC/USDC, BTC/USDT, BTRST/BTC, BTRST/EUR, BTRST/GBP, BTRST/USD, BTRST/USDT, C98/USDT, CBETH/ETH, CBETH/USD, CELO/BTC, CHZ/USDT, CLV/USDT, COMP/BTC, COTI/USD, COVAL/USDT, CRO/USDT, CRPT/USD, CRV/BTC, CTSI/BTC, CTSI/USD, CTX/EUR, CTX/USD, CTX/USDT, DASH/BTC, DDX/USDT, DESO/USDT, DEXT/USD, DIA/USDT, DNT/USD, DNT/USDC, DOGE/BTC, DOGE/USDT, DOT/BTC, DOT/EUR, DOT/GBP, DOT/USD, DOT/USDT, DREP/USDT, DYP/USDT, ELA/USDT, ENJ/BTC, ENJ/USDT, ENS/USDT, EOS/BTC, ERN/USDT, ETC/BTC, ETC/EUR, ETC/GBP, ETC/USD, ETH/BTC, ETH/DAI, ETH/EUR, ETH/GBP, ETH/USD, ETH/USDC, ETH/USDT, FARM/USDT, FET/USD, FET/USDT, FIDA/USDT, FIL/BTC, FIS/USDT, FLOW/USDT, FORT/USD, FORT/USDT, FORTH/BTC, FORTH/EUR, FORTH/GBP, FORTH/USD, FOX/USDT, GAL/USDT, GALA/USDT, GHST/USD, GMT/USD, GMT/USDT, GNO/USDT, GNT/USDC, GRT/BTC, GRT/EUR, GRT/GBP, GRT/USD, GST/USD, GTC/USD, HBAR/USDT, HFT/USD, HFT/USDT, HNT/USD, HOPR/USDT, ICP/BTC, ICP/USDT, IDEX/USDT, IMX/USDT, INDEX/USDT, IOTX/EUR, IOTX/USD, JASMY/USDT, JTO/USD, KNC/BTC, KRL/USDT, KSM/USDT, LCX/USDT, LINK/BTC, LINK/ETH, LINK/USDT, LIT/USD, LPT/USD, LQTY/EUR, LQTY/USD, LQTY/USDT, LRC/BTC, LRC/USDT, LSETH/ETH, LSETH/USD, LTC/BTC, LTC/EUR, LTC/GBP, LTC/USD, MANA/BTC, MANA/ETH, MASK/USDT, MATH/USD, MATH/USDT, MATIC/BTC, MATIC/EUR, MATIC/GBP, MATIC/USD, MATIC/USDT, MCO2/USDT, MDT/USD, MDT/USDT, MEDIA/USDT, METIS/USD, METIS/USDT, MINA/USDT, MIR/BTC, MKR/BTC, MTL/USD, MULTI/USD, NCT/EUR, NCT/USD, NCT/USDT, NEAR/USDT, NEST/USD, NEST/USDT, NKN/BTC, NMR/BTC, NU/BTC, OGN/BTC, OMG/BTC, OP/USDT, ORN/BTC, ORN/USDT, OXT/USD, PAX/USDT, PERP/USDT, POLS/USDT, POLY/USDT, POND/USDT, POWR/USDT, PRQ/USDT, QNT/USD, QNT/USDT, QSP/USDT, RAD/BTC, RAD/USDT, REN/BTC, REP/BTC, REQ/BTC, REQ/USDT, RGT/USD, RLC/BTC, RLY/USDT, RNDR/USDT, ROSE/USDT, SAND/USDT, SHIB/USDT, SHPING/USDT, SKL/BTC, SNT/USD, SNX/BTC, SOL/BTC, SOL/ETH, SOL/USDT, SPELL/USDT, STG/USD, STG/USDT, STORJ/BTC, STORJ/USD, STRK/USD, STX/USD, STX/USDT, SUKU/USDT, SUPER/USDT, SUSHI/BTC, SUSHI/ETH, SWFTC/USD, SYLO/USDT, T/USD, TIA/USD, TIME/USD, TIME/USDT, TONE/USD, TRAC/EUR, TRAC/USD, TRAC/USDT, TRB/BTC, TRB/USD, TRIBE/USD, TRU/BTC, TRU/EUR, TRU/USD, TRU/USDT, TVK/USD, UMA/BTC, UNI/BTC, UPI/USDT, USDT/EUR, USDT/GBP, USDT/USD, USDT/USDC, UST/EUR, UST/USD, UST/USDT, VET/USD, VGX/USDT, VTHO/USD, WAMPL/USDT, WBTC/BTC, WBTC/USD, WCFG/BTC, WCFG/USDT, WLUNA/USDT, XCN/USDT, XLM/BTC, XLM/USDT, XRP/BTC, XRP/USDT, XTZ/BTC, XTZ/EUR, XTZ/GBP, XTZ/USD, XYO/BTC, XYO/USDT, YFI/BTC, ZEC/BTC, ZEN/BTC, ZEN/USDT, ZETA/USD, ZRX/BTC","1000BONK/USDT:USDT, 1000FLOKI/USDT:USDT, 1000LUNC/USDT:USDT, 1000PEPE/USDT:USDT, 1000RATS/USDT:USDT, 1000SATS/FDUSD, 1000SATS/TRY, 1000SATS/USDT, 1000SATS/USDT:USDT, 1000SHIB/USDT:USDT, 1000XEC/USDT:USDT, 1INCH/BTC, 1INCH/USDT, 1INCH/USDT:USDT, 1INCHDOWN/USDT, 1INCHUP/USDT, AAVE/BTC, AAVE/ETH, AAVE/USDT, AAVE/USDT:USDT, AAVEDOWN/USDT, AAVEUP/USDT, ACA/BTC, ACA/TRY, ACA/USDT, ACE/BTC, ACE/TRY, ACE/USDT, ACE/USDT:USDT, ACH/BTC, ACH/TRY, ACH/USDT, ACH/USDT:USDT, ACM/BTC, ACM/TRY, ACM/USDT, ADA/BTC, ADA/ETH, ADA/TRY, ADA/TUSD, ADA/USDT, ADA/USDT:USDT, ADADOWN/USDT, ADAUP/USDT, ADX/BTC, ADX/ETH, ADX/USDT, AE/BTC, AE/ETH, AERGO/BTC, AERGO/USDT, AEUR/USDT, AEVO/BTC, AEVO/TRY, AEVO/USDT, AEVO/USDT:USDT, AGI/BTC, AGI/ETH, AGIX/BTC, AGIX/TRY, AGIX/USDT, AGIX/USDT:USDT, AGLD/BTC, AGLD/USDT, AGLD/USDT:USDT, AI/BTC, AI/TRY, AI/TUSD, AI/USDT, AI/USDT:USDT, AION/BTC, AION/ETH, AION/USDT, AKRO/BTC, AKRO/USDT, ALCX/BTC, ALCX/USDT, ALGO/BTC, ALGO/ETH, ALGO/TRY, ALGO/TUSD, ALGO/USDT, ALGO/USDT:USDT, ALICE/BTC, ALICE/TRY, ALICE/USDT, ALICE/USDT:USDT, ALPACA/BTC, ALPACA/USDT, ALPHA/BTC, ALPHA/USDT, ALPHA/USDT:USDT, ALPINE/BTC, ALPINE/TRY, ALPINE/USDT, ALT/BNB, ALT/BTC, ALT/FDUSD, ALT/TRY, ALT/USDC, ALT/USDT, ALT/USDT:USDT, AMB/BTC, AMB/ETH, AMB/USDT, AMB/USDT:USDT, AMP/BTC, AMP/TRY, AMP/USDT, ANC/BTC, ANC/USDT, ANKR/BTC, ANKR/TRY, ANKR/TUSD, ANKR/USDT, ANKR/USDT:USDT, ANT/BNB, ANT/BTC, ANT/BUSD, ANT/USDT, ANT/USDT:USDT, ANY/BTC, ANY/USDT, APE/BTC, APE/ETH, APE/TRY, APE/USDT, APE/USDT:USDT, API3/BTC, API3/TRY, API3/USDT, API3/USDT:USDT, APPC/BTC, APPC/ETH, APT/BRL, APT/BTC, APT/BUSD, APT/ETH, APT/EUR, APT/FDUSD, APT/TRY, APT/USD:APT, APT/USDT, APT/USDT:USDT, AR/BTC, AR/TRY, AR/USDT, AR/USDT:USDT, ARB/BTC, ARB/ETH, ARB/TRY, ARB/TUSD, ARB/USDT, ARB/USDT:USDT, ARDR/BTC, ARDR/ETH, ARDR/USDT, ARK/BTC, ARK/ETH, ARK/TRY, ARK/USDT, ARK/USDT:USDT, ARKM/BTC, ARKM/TRY, ARKM/TUSD, ARKM/USDT, ARKM/USDT:USDT, ARN/BTC, ARN/ETH, ARPA/BTC, ARPA/ETH, ARPA/TRY, ARPA/USDT, ARPA/USDT:USDT, ASR/BTC, ASR/TRY, ASR/USDT, AST/BTC, AST/ETH, AST/USDT, ASTR/BTC, ASTR/BUSD, ASTR/ETH, ASTR/USDT, ASTR/USDT:USDT, ATA/BNB, ATA/BTC, ATA/BUSD, ATA/USDT, ATA/USDT:USDT, ATM/BTC, ATM/BUSD, ATM/TRY, ATM/USDT, ATOM/BIDR, ATOM/BNB, ATOM/BRL, ATOM/BTC, ATOM/BUSD, ATOM/ETH, ATOM/EUR, ATOM/FDUSD, ATOM/PAX, ATOM/TRY, ATOM/TUSD, ATOM/USD:ATOM, ATOM/USDC, ATOM/USDT, ATOM/USDT:USDT, AUCTION/BTC, AUCTION/BUSD, AUCTION/FDUSD, AUCTION/USDT, AUCTION/USDT:USDT, AUD/USDT, AUDIO/BTC, AUDIO/TRY, AUDIO/USDT, AUDIO/USDT:USDT, AUTO/BTC, AUTO/BUSD, AUTO/USDT, AVA/BTC, AVA/USDT, AVAX/BTC, AVAX/ETH, AVAX/TRY, AVAX/TUSD, AVAX/USDT, AVAX/USDT:USDT, AXL/BTC, AXL/TRY, AXL/USDT, AXL/USDT:USDT, AXS/BTC, AXS/ETH, AXS/TRY, AXS/USDT, AXS/USDT:USDT, BADGER/BTC, BADGER/USDT, BADGER/USDT:USDT, BAKE/BTC, BAKE/USDT, BAKE/USDT:USDT, BAL/BTC, BAL/USDT, BAL/USDT:USDT, BAND/BTC, BAND/TRY, BAND/USDT, BAND/USDT:USDT, BAR/BTC, BAR/TRY, BAR/USDT, BAT/BNB, BAT/BTC, BAT/BUSD, BAT/ETH, BAT/PAX, BAT/TUSD, BAT/USDC, BAT/USDT, BAT/USDT:USDT, BCC/BTC, BCC/ETH, BCC/USDT, BCD/BTC, BCD/ETH, BCH/BTC, BCH/TRY, BCH/TUSD, BCH/USDT, BCH/USDT:USDT, BCHABC/BTC, BCHABC/TUSD, BCHABC/USDT, BCHDOWN/USDT, BCHUP/USDT, BCN/BTC, BCN/ETH, BCPT/BNB, BCPT/BTC, BCPT/ETH, BCPT/PAX, BCPT/TUSD, BCPT/USDC, BDOT/DOT, BEAM/BTC, BEAM/USDT, BEAMX/TRY, BEAMX/USDT, BEAMX/USDT:USDT, BEAR/USDT, BEL/BTC, BEL/ETH, BEL/TRY, BEL/USDT, BEL/USDT:USDT, BETA/BNB, BETA/BTC, BETA/BUSD, BETA/ETH, BETA/USDT, BETH/BUSD, BETH/ETH, BETH/USDT, BICO/BTC, BICO/USDT, BICO/USDT:USDT, BIFI/USDT, BIGTIME/USDT:USDT, BKRW/USDT, BLUEBIRD/USDT:USDT, BLUR/BTC, BLUR/TRY, BLUR/USDT, BLUR/USDT:USDT, BLZ/BTC, BLZ/ETH, BLZ/USDT, BLZ/USDT:USDT, BNB/BTC, BNB/ETH, BNB/IDRT, BNB/TRY, BNB/TUSD, BNB/USDT, BNB/USDT:USDT, BNB/UST, BNBBEAR/USDT, BNBBULL/USDT, BNBDOWN/USDT, BNBUP/USDT, BNT/BTC, BNT/BUSD, BNT/ETH, BNT/USDT, BNT/USDT:USDT, BNX/BTC, BNX/USDT, BNX/USDT:USDT, BOND/BTC, BOND/ETH, BOND/USDT, BOND/USDT:USDT, BONK/TRY, BONK/USDT, BOT/BTC, BOT/BUSD, BQX/BTC, BQX/ETH, BRD/BTC, BRD/ETH, BSV/BTC, BSV/TUSD, BSV/USDT, BSV/USDT:USDT, BSW/ETH, BSW/TRY, BSW/USDT, BTC/AEUR, BTC/ARS, BTC/AUD, BTC/BIDR, BTC/BKRW, BTC/BRL, BTC/BUSD, BTC/DAI, BTC/EUR, BTC/FDUSD, BTC/GBP, BTC/IDRT, BTC/JPY, BTC/NGN, BTC/PAX, BTC/PLN, BTC/RON, BTC/RUB, BTC/TRY, BTC/TUSD, BTC/UAH, BTC/USD:BTC, BTC/USD:BTC-240329, BTC/USD:BTC-240628, BTC/USDC, BTC/USDC:USDC, BTC/USDP, BTC/USDS, BTC/USDT, BTC/USDT:USDT, BTC/USDT:USDT-240329, BTC/USDT:USDT-240628, BTC/UST, BTC/VAI, BTC/ZAR, BTCB/BTC, BTCDOM/USDT:USDT, BTCDOWN/USDT, BTCST/BTC, BTCST/BUSD, BTCST/USDT, BTCST/USDT:USDT, BTCUP/USDT, BTG/BTC, BTG/BUSD, BTG/ETH, BTG/USDT, BTS/BNB, BTS/BTC, BTS/BUSD, BTS/ETH, BTS/USDT, BTS/USDT:USDT, BTT/BNB, BTT/BRL, BTT/BTC, BTT/BUSD, BTT/EUR, BTT/PAX, BTT/TRX, BTT/TRY, BTT/TUSD, BTT/USDC, BTT/USDT, BTTC/BUSD, BTTC/TRY, BTTC/USDC, BTTC/USDT, BULL/USDT, BURGER/ETH, BURGER/USDT, BUSD/IDRT, BUSD/TRY, BUSD/USDT, BZRX/BTC, BZRX/USDT, C98/BTC, C98/USDT, C98/USDT:USDT, CAKE/BTC, CAKE/TRY, CAKE/TUSD, CAKE/USDT, CAKE/USDT:USDT, CDT/BTC, CDT/ETH, CELO/BTC, CELO/USDT, CELO/USDT:USDT, CELR/BTC, CELR/ETH, CELR/USDT, CELR/USDT:USDT, CFX/BTC, CFX/TRY, CFX/TUSD, CFX/USDT, CFX/USDT:USDT, CHAT/BTC, CHAT/ETH, CHESS/BTC, CHESS/USDT, CHR/BTC, CHR/ETH, CHR/USDT, CHR/USDT:USDT, CHZ/BTC, CHZ/TRY, CHZ/USDT, CHZ/USDT:USDT, CITY/BNB, CITY/BTC, CITY/BUSD, CITY/TRY, CITY/USDT, CKB/BTC, CKB/TRY, CKB/USDT, CKB/USDT:USDT, CLOAK/BTC, CLOAK/ETH, CLV/BTC, CLV/USDT, CMT/BNB, CMT/BTC, CMT/ETH, CND/BTC, CND/ETH, COCOS/BTC, COCOS/TRY, COCOS/USDT, COCOS/USDT:USDT, COMBO/TRY, COMBO/USDT, COMBO/USDT:USDT, COMP/BTC, COMP/TRY, COMP/TUSD, COMP/USDT, COMP/USDT:USDT, COS/BTC, COS/TRY, COS/USDT, COTI/BNB, COTI/BTC, COTI/BUSD, COTI/TRY, COTI/USDT, COTI/USDT:USDT, COVER/ETH, CREAM/USDT, CRV/BTC, CRV/ETH, CRV/USDT, CRV/USDT:USDT, CTK/BNB, CTK/BTC, CTK/BUSD, CTK/USDT, CTK/USDT:USDT, CTSI/BNB, CTSI/BTC, CTSI/BUSD, CTSI/USDT, CTSI/USDT:USDT, CTXC/BNB, CTXC/BTC, CTXC/BUSD, CTXC/USDT, CVC/BTC, CVC/ETH, CVC/USDT, CVC/USDT:USDT, CVP/ETH, CVP/USDT, CVX/BTC, CVX/USDT, CVX/USDT:USDT, CYBER/BTC, CYBER/ETH, CYBER/TRY, CYBER/TUSD, CYBER/USDT, CYBER/USDT:USDT, DAI/BTC, DAI/USDT, DAR/BTC, DAR/ETH, DAR/TRY, DAR/USDT, DAR/USDT:USDT, DASH/BTC, DASH/ETH, DASH/USDT, DASH/USDT:USDT, DATA/BTC, DATA/BUSD, DATA/ETH, DATA/USDT, DCR/BTC, DCR/USDT, DEFI/USDT:USDT, DEGO/BTC, DEGO/USDT, DENT/BTC, DENT/BUSD, DENT/ETH, DENT/TRY, DENT/USDT, DENT/USDT:USDT, DEXE/ETH, DEXE/USDT, DF/ETH, DF/USDT, DGB/BTC, DGB/USDT, DGB/USDT:USDT, DGD/BTC, DGD/ETH, DIA/BTC, DIA/USDT, DLT/BNB, DLT/BTC, DLT/ETH, DNT/BTC, DNT/BUSD, DNT/ETH, DNT/USDT, DOCK/BTC, DOCK/ETH, DOCK/USDT, DODO/BTC, DODO/USDT, DODOX/USDT:USDT, DOGE/BTC, DOGE/TRY, DOGE/TUSD, DOGE/USDT, DOGE/USDT:USDT, DOT/AUD, DOT/BIDR, DOT/BKRW, DOT/BNB, DOT/BRL, DOT/BTC, DOT/BUSD, DOT/ETH, DOT/EUR, DOT/FDUSD, DOT/GBP, DOT/NGN, DOT/RUB, DOT/TRY, DOT/TUSD, DOT/USD:DOT, DOT/USD:DOT-240329, DOT/USD:DOT-240628, DOT/USDC, DOT/USDT, DOT/USDT:USDT, DOTDOWN/USDT, DOTUP/USDT, DREP/BTC, DREP/USDT, DUSK/BTC, DUSK/USDT, DUSK/USDT:USDT, DYDX/BTC, DYDX/ETH, DYDX/TRY, DYDX/USDT, DYDX/USDT:USDT, DYM/BTC, DYM/TRY, DYM/USDT, DYM/USDT:USDT, EASY/BTC, EASY/ETH, EDO/BTC, EDO/ETH, EDU/BTC, EDU/TRY, EDU/TUSD, EDU/USDT, EDU/USDT:USDT, EGLD/BTC, EGLD/ETH, EGLD/USDT, EGLD/USDT:USDT, ELF/BTC, ELF/ETH, ELF/USDT, ENG/BTC, ENG/ETH, ENJ/BTC, ENJ/ETH, ENJ/TRY, ENJ/USDT, ENJ/USDT:USDT, ENS/BTC, ENS/TRY, ENS/USDT, ENS/USDT:USDT, EOS/BTC, EOS/ETH, EOS/TRY, EOS/TUSD, EOS/USDT, EOS/USDT:USDT, EOSBEAR/USDT, EOSBULL/USDT, EOSDOWN/USDT, EOSUP/USDT, EPS/BTC, EPS/USDT, EPX/USDT, ERD/BTC, ERD/USDT, ERN/USDT, ETC/BNB, ETC/BRL, ETC/BTC, ETC/BUSD, ETC/ETH, ETC/EUR, ETC/FDUSD, ETC/GBP, ETC/PAX, ETC/TRY, ETC/TUSD, ETC/USD:ETC, ETC/USDC, ETC/USDT, ETC/USDT:USDT, ETH/AEUR, ETH/AUD, ETH/BIDR, ETH/BKRW, ETH/BRL, ETH/BTC, ETH/BTC:BTC, ETH/BUSD, ETH/DAI, ETH/EUR, ETH/FDUSD, ETH/GBP, ETH/JPY, ETH/NGN, ETH/PAX, ETH/PLN, ETH/RUB, ETH/TRY, ETH/TUSD, ETH/UAH, ETH/USD:ETH, ETH/USD:ETH-240329, ETH/USD:ETH-240628, ETH/USDC, ETH/USDC:USDC, ETH/USDP, ETH/USDT, ETH/USDT:USDT, ETH/USDT:USDT-240329, ETH/USDT:USDT-240628, ETH/UST, ETH/ZAR, ETHBEAR/BUSD, ETHBEAR/USDT, ETHBULL/BUSD, ETHBULL/USDT, ETHDOWN/USDT, ETHUP/USDT, ETHW/USDT:USDT, EUR/USDT, EVX/BTC, EVX/ETH, EZ/BTC, EZ/ETH, FARM/BTC, FARM/ETH, FARM/USDT, FDUSD/TRY, FDUSD/USDT, FET/BNB, FET/BTC, FET/BUSD, FET/FDUSD, FET/TRY, FET/USDC, FET/USDT, FET/USDT:USDT, FIDA/BTC, FIDA/TRY, FIDA/USDT, FIL/BTC, FIL/ETH, FIL/TRY, FIL/USDT, FIL/USDT:USDT, FILDOWN/USDT, FILUP/USDT, FIO/BTC, FIO/USDT, FIRO/BTC, FIRO/ETH, FIRO/USDT, FIS/BTC, FIS/TRY, FIS/USDT, FLM/BTC, FLM/USDT, FLM/USDT:USDT, FLOKI/TRY, FLOKI/TUSD, FLOKI/USDT, FLOW/BTC, FLOW/USDT, FLOW/USDT:USDT, FLUX/BTC, FLUX/USDT, FOOTBALL/USDT:USDT, FOR/BTC, FOR/USDT, FORTH/BTC, FORTH/BUSD, FORTH/USDT, FRONT/BTC, FRONT/BUSD, FRONT/ETH, FRONT/TRY, FRONT/TUSD, FRONT/USDT, FRONT/USDT:USDT, FTM/AUD, FTM/BIDR, FTM/BNB, FTM/BRL, FTM/BTC, FTM/BUSD, FTM/ETH, FTM/EUR, FTM/FDUSD, FTM/PAX, FTM/RUB, FTM/TRY, FTM/TUSD, FTM/USD:FTM, FTM/USDC, FTM/USDT, FTM/USDT:USDT, FTT/BNB, FTT/BTC, FTT/BUSD, FTT/ETH, FTT/USDT, FTT/USDT:USDT, FUEL/BTC, FUEL/ETH, FUN/BTC, FUN/ETH, FUN/USDT, FXS/BTC, FXS/USDT, FXS/USDT:USDT, GAL/BTC, GAL/ETH, GAL/TRY, GAL/USDT, GAL/USDT:USDT, GALA/BTC, GALA/ETH, GALA/TRY, GALA/USDT, GALA/USDT:USDT, GAS/BTC, GAS/TRY, GAS/USDT, GAS/USDT:USDT, GBP/USDT, GFT/BUSD, GFT/USDT, GHST/BUSD, GHST/ETH, GHST/USDT, GLM/BTC, GLM/ETH, GLM/USDT, GLM/USDT:USDT, GLMR/BTC, GLMR/USDT, GLMR/USDT:USDT, GMT/AUD, GMT/BNB, GMT/BRL, GMT/BTC, GMT/BUSD, GMT/ETH, GMT/EUR, GMT/GBP, GMT/TRY, GMT/USD:GMT, GMT/USDT, GMT/USDT:USDT, GMX/BTC, GMX/USDT, GMX/USDT:USDT, GNO/BTC, GNO/USDT, GNS/BTC, GNS/USDT, GNT/BNB, GNT/BTC, GNT/ETH, GO/BTC, GRS/BTC, GRS/ETH, GRT/BTC, GRT/BUSD, GRT/ETH, GRT/EUR, GRT/FDUSD, GRT/TRY, GRT/USDT, GRT/USDT:USDT, GTC/BNB, GTC/BTC, GTC/BUSD, GTC/USDT, GTC/USDT:USDT, GTO/BNB, GTO/BTC, GTO/BUSD, GTO/ETH, GTO/PAX, GTO/TUSD, GTO/USDC, GTO/USDT, GVT/BTC, GVT/ETH, GXS/BTC, GXS/ETH, GXS/USDT, HARD/BTC, HARD/USDT, HBAR/BTC, HBAR/TRY, HBAR/USDT, HBAR/USDT:USDT, HC/BTC, HC/ETH, HC/USDT, HEGIC/ETH, HFT/BTC, HFT/BUSD, HFT/USDT, HFT/USDT:USDT, HIFI/ETH, HIFI/USDT, HIFI/USDT:USDT, HIGH/BTC, HIGH/USDT, HIGH/USDT:USDT, HIVE/BTC, HIVE/USDT, HNT/BTC, HNT/BUSD, HNT/USDT, HNT/USDT:USDT, HOOK/BTC, HOOK/USDT, HOOK/USDT:USDT, HOT/BNB, HOT/BRL, HOT/BTC, HOT/BUSD, HOT/ETH, HOT/EUR, HOT/TRY, HOT/USDT, HOT/USDT:USDT, HSR/BTC, HSR/ETH, ICN/BTC, ICN/ETH, ICP/BTC, ICP/ETH, ICP/TRY, ICP/USDT, ICP/USDT:USDT, ICX/BTC, ICX/ETH, ICX/USDT, ICX/USDT:USDT, ID/BTC, ID/TRY, ID/TUSD, ID/USDT, ID/USDT:USDT, IDEX/BTC, IDEX/USDT, IDEX/USDT:USDT, ILV/BTC, ILV/USDT, ILV/USDT:USDT, IMX/BTC, IMX/TRY, IMX/USDT, IMX/USDT:USDT, INJ/BTC, INJ/ETH, INJ/TRY, INJ/TUSD, INJ/USDT, INJ/USDT:USDT, INS/BTC, INS/ETH, IOST/BTC, IOST/BUSD, IOST/ETH, IOST/USDT, IOST/USDT:USDT, IOTA/BNB, IOTA/BTC, IOTA/BUSD, IOTA/ETH, IOTA/FDUSD, IOTA/TRY, IOTA/USDT, IOTA/USDT:USDT, IOTX/BTC, IOTX/BUSD, IOTX/ETH, IOTX/USDT, IOTX/USDT:USDT, IQ/USDT, IRIS/BTC, IRIS/USDT, JASMY/BTC, JASMY/ETH, JASMY/TRY, JASMY/USDT, JASMY/USDT:USDT, JOE/BTC, JOE/TRY, JOE/USDT, JOE/USDT:USDT, JST/BNB, JST/BTC, JST/BUSD, JST/USDT, JTO/FDUSD, JTO/TRY, JTO/USDT, JTO/USDT:USDT, JUP/TRY, JUP/USDT, JUP/USDT:USDT, JUV/BTC, JUV/TRY, JUV/USDT, KAS/USDT:USDT, KAVA/BTC, KAVA/ETH, KAVA/USDT, KAVA/USDT:USDT, KDA/BTC, KDA/USDT, KEEP/BTC, KEEP/USDT, KEY/BTC, KEY/ETH, KEY/USDT, KEY/USDT:USDT, KLAY/BTC, KLAY/USDT, KLAY/USDT:USDT, KMD/BTC, KMD/ETH, KMD/USDT, KNC/BTC, KNC/ETH, KNC/USDT, KNC/USDT:USDT, KP3R/USDT, KSM/BTC, KSM/ETH, KSM/USDT, KSM/USDT:USDT, LAZIO/BTC, LAZIO/TRY, LAZIO/USDT, LDO/BTC, LDO/TRY, LDO/TUSD, LDO/USDT, LDO/USDT:USDT, LEND/BTC, LEND/ETH, LEND/USDT, LEVER/TRY, LEVER/USDT, LEVER/USDT:USDT, LINA/BTC, LINA/USDT, LINA/USDT:USDT, LINK/BTC, LINK/ETH, LINK/TRY, LINK/TUSD, LINK/USDT, LINK/USDT:USDT, LINKDOWN/USDT, LINKUP/USDT, LIT/BTC, LIT/BUSD, LIT/ETH, LIT/USDT, LIT/USDT:USDT, LOKA/BTC, LOKA/USDT, LOOM/BTC, LOOM/ETH, LOOM/TRY, LOOM/USDT, LOOM/USDT:USDT, LPT/BNB, LPT/BTC, LPT/BUSD, LPT/TRY, LPT/USDT, LPT/USDT:USDT, LQTY/BTC, LQTY/USDT, LQTY/USDT:USDT, LRC/BTC, LRC/ETH, LRC/TRY, LRC/USDT, LRC/USDT:USDT, LSK/BTC, LSK/ETH, LSK/USDT, LSK/USDT:USDT, LTC/BNB, LTC/BRL, LTC/BTC, LTC/BUSD, LTC/ETH, LTC/EUR, LTC/FDUSD, LTC/GBP, LTC/NGN, LTC/PAX, LTC/RUB, LTC/TRY, LTC/TUSD, LTC/UAH, LTC/USD:LTC, LTC/USD:LTC-240329, LTC/USD:LTC-240628, LTC/USDC, LTC/USDT, LTC/USDT:USDT, LTCDOWN/USDT, LTCUP/USDT, LTO/BNB, LTO/BTC, LTO/BUSD, LTO/USDT, LUN/BTC, LUN/ETH, LUNA/BTC, LUNA/ETH, LUNA/TRY, LUNA/USDT, LUNA/UST, LUNA2/USDT:USDT, LUNC/TRY, LUNC/USDT, MAGIC/BTC, MAGIC/TRY, MAGIC/USDT, MAGIC/USDT:USDT, MANA/BTC, MANA/ETH, MANA/TRY, MANA/USDT, MANA/USDT:USDT, MANTA/BNB, MANTA/BTC, MANTA/FDUSD, MANTA/TRY, MANTA/USDC, MANTA/USDT, MANTA/USDT:USDT, MASK/USDT, MASK/USDT:USDT, MATIC/AUD, MATIC/BIDR, MATIC/BNB, MATIC/BRL, MATIC/BTC, MATIC/BUSD, MATIC/ETH, MATIC/EUR, MATIC/FDUSD, MATIC/GBP, MATIC/RUB, MATIC/TRY, MATIC/TUSD, MATIC/USD:MATIC, MATIC/USDC, MATIC/USDT, MATIC/USDT:USDT, MAV/BTC, MAV/TRY, MAV/TUSD, MAV/USDT, MAV/USDT:USDT, MAVIA/USDT:USDT, MBL/BTC, MBL/USDT, MBL/USDT:USDT, MBOX/BTC, MBOX/TRY, MBOX/USDT, MC/BTC, MC/USDT, MCO/BTC, MCO/ETH, MCO/USDT, MDA/BTC, MDA/ETH, MDT/BNB, MDT/BTC, MDT/BUSD, MDT/USDT, MDT/USDT:USDT, MDX/BTC, MDX/USDT, MEME/ETH, MEME/TRY, MEME/TUSD, MEME/USDT, MEME/USDT:USDT, METIS/BTC, METIS/FDUSD, METIS/TRY, METIS/USDT, METIS/USDT:USDT, MFT/BNB, MFT/BTC, MFT/ETH, MFT/USDT, MINA/BTC, MINA/TRY, MINA/USDT, MINA/USDT:USDT, MIR/BTC, MIR/USDT, MITH/BNB, MITH/BTC, MITH/USDT, MKR/BTC, MKR/USDT, MKR/USDT:USDT, MLN/BTC, MLN/USDT, MOB/BTC, MOB/USDT, MOD/BTC, MOD/ETH, MOVR/BTC, MOVR/TRY, MOVR/USDT, MOVR/USDT:USDT, MTH/BTC, MTH/ETH, MTL/BTC, MTL/BUSD, MTL/ETH, MTL/TRY, MTL/USDT, MTL/USDT:USDT, MULTI/BTC, MULTI/BUSD, MULTI/USDT, MYRO/USDT:USDT, NANO/BTC, NANO/ETH, NANO/USDT, NAS/BTC, NAS/ETH, NAV/BTC, NAV/ETH, NBS/BTC, NBS/USDT, NCASH/BTC, NCASH/ETH, NEAR/BTC, NEAR/ETH, NEAR/TRY, NEAR/USDT, NEAR/USDT:USDT, NEBL/BTC, NEBL/USDT, NEO/BTC, NEO/ETH, NEO/TRY, NEO/TUSD, NEO/USDT, NEO/USDT:USDT, NEXO/BTC, NEXO/USDT, NFP/BTC, NFP/TRY, NFP/TUSD, NFP/USDT, NFP/USDT:USDT, NKN/BTC, NKN/USDT, NKN/USDT:USDT, NMR/BTC, NMR/USDT, NMR/USDT:USDT, NPXS/BTC, NPXS/ETH, NPXS/USDT, NTRN/BNB, NTRN/BTC, NTRN/TRY, NTRN/USDT, NTRN/USDT:USDT, NU/BTC, NU/USDT, NULS/BTC, NULS/ETH, NULS/USDT, NXS/BTC, NXS/ETH, OAX/BTC, OAX/ETH, OAX/USDT, OCEAN/BTC, OCEAN/TRY, OCEAN/USDT, OCEAN/USDT:USDT, OG/BTC, OG/TRY, OG/USDT, OGN/BTC, OGN/TRY, OGN/USDT, OGN/USDT:USDT, OM/BTC, OM/TRY, OM/USDT, OM/USDT:USDT, OMG/BTC, OMG/ETH, OMG/USDT, OMG/USDT:USDT, ONDO/USDT:USDT, ONE/BTC, ONE/ETH, ONE/TRY, ONE/TUSD, ONE/USDT, ONE/USDT:USDT, ONG/BTC, ONG/USDT, ONG/USDT:USDT, ONT/BNB, ONT/BTC, ONT/BUSD, ONT/ETH, ONT/PAX, ONT/TRY, ONT/USDC, ONT/USDT, ONT/USDT:USDT, OOKI/ETH, OOKI/USDT, OP/BTC, OP/ETH, OP/TRY, OP/TUSD, OP/USDT, OP/USDT:USDT, ORBS/USDT:USDT, ORDI/BTC, ORDI/TRY, ORDI/TUSD, ORDI/USDT, ORDI/USDT:USDT, ORN/BTC, ORN/USDT, OSMO/BTC, OSMO/USDT, OST/BNB, OST/BTC, OST/ETH, OXT/BTC, OXT/BUSD, OXT/USDT, OXT/USDT:USDT, PAX/BTC, PAX/ETH, PAX/TUSD, PAX/USDT, PAXG/BTC, PAXG/TRY, PAXG/USDT, PDA/BTC, PDA/USDT, PENDLE/BTC, PENDLE/TRY, PENDLE/TUSD, PENDLE/USDT, PENDLE/USDT:USDT, PEOPLE/BTC, PEOPLE/ETH, PEOPLE/USDT, PEOPLE/USDT:USDT, PEPE/TRY, PEPE/TUSD, PEPE/USDT, PERL/BTC, PERL/USDT, PERP/BTC, PERP/USDT, PERP/USDT:USDT, PHA/BTC, PHA/USDT, PHB/BTC, PHB/TUSD, PHB/USDT, PHB/USDT:USDT, PHX/BTC, PHX/ETH, PIVX/BTC, PIVX/USDT, PIXEL/BTC, PIXEL/TRY, PIXEL/USDT, PIXEL/USDT:USDT, PLA/BTC, PLA/USDT, PNT/BTC, PNT/USDT, POA/BTC, POA/ETH, POE/BTC, POE/ETH, POLS/BTC, POLS/USDT, POLY/BTC, POLY/USDT, POLYX/BTC, POLYX/USDT, POLYX/USDT:USDT, POND/BTC, POND/USDT, PORTAL/BNB, PORTAL/BTC, PORTAL/FDUSD, PORTAL/TRY, PORTAL/USDT, PORTAL/USDT:USDT, PORTO/BTC, PORTO/BUSD, PORTO/EUR, PORTO/TRY, PORTO/USDT, POWR/BTC, POWR/ETH, POWR/USDT, POWR/USDT:USDT, PPT/BTC, PPT/ETH, PROM/BTC, PROM/USDT, PROS/ETH, PROS/USDT, PSG/BTC, PSG/TRY, PSG/USDT, PUNDIX/ETH, PUNDIX/USDT, PYR/BTC, PYR/USDT, PYTH/BTC, PYTH/FDUSD, PYTH/TRY, PYTH/USDT, PYTH/USDT:USDT, QI/BTC, QI/USDT, QKC/BTC, QKC/ETH, QKC/USDT, QLC/BTC, QLC/ETH, QNT/BNB, QNT/BTC, QNT/BUSD, QNT/USDT, QNT/USDT:USDT, QSP/BTC, QSP/ETH, QTUM/BNB, QTUM/BTC, QTUM/BUSD, QTUM/ETH, QTUM/USDT, QTUM/USDT:USDT, QUICK/BTC, QUICK/TUSD, QUICK/USDT, RAD/BTC, RAD/TRY, RAD/USDT, RAD/USDT:USDT, RAMP/BTC, RAMP/USDT, RARE/BTC, RARE/TRY, RARE/USDT, RAY/USDT, RAY/USDT:USDT, RCN/BTC, RCN/ETH, RDN/BTC, RDN/ETH, RDNT/BTC, RDNT/TUSD, RDNT/USDT, RDNT/USDT:USDT, REEF/BTC, REEF/TRY, REEF/USDT, REEF/USDT:USDT, REI/ETH, REI/USDT, REN/BTC, REN/USDT, REN/USDT:USDT, RENBTC/BTC, RENBTC/ETH, REP/BTC, REP/USDT, REQ/BTC, REQ/ETH, REQ/USDT, RGT/BNB, RGT/BTC, RGT/BUSD, RGT/USDT, RIF/BTC, RIF/USDT, RIF/USDT:USDT, RLC/BTC, RLC/ETH, RLC/USDT, RLC/USDT:USDT, RNDR/BTC, RNDR/TRY, RNDR/USDT, RNDR/USDT:USDT, RONIN/BTC, RONIN/TRY, RONIN/USDT, RONIN/USDT:USDT, ROSE/BTC, ROSE/ETH, ROSE/TRY, ROSE/USDT, ROSE/USDT:USDT, RPL/BTC, RPL/USDT, RPX/BTC, RPX/ETH, RSR/BTC, RSR/USDT, RSR/USDT:USDT, RUNE/BTC, RUNE/ETH, RUNE/TRY, RUNE/TUSD, RUNE/USDT, RUNE/USDT:USDT, RVN/BTC, RVN/TRY, RVN/USDT, RVN/USDT:USDT, SALT/BTC, SALT/ETH, SAND/BTC, SAND/ETH, SAND/TRY, SAND/USDT, SAND/USDT:USDT, SANTOS/BRL, SANTOS/BTC, SANTOS/BUSD, SANTOS/TRY, SANTOS/USDT, SC/BTC, SC/ETH, SC/USDT, SC/USDT:USDT, SCRT/BTC, SCRT/BUSD, SCRT/ETH, SCRT/USDT, SEI/BTC, SEI/TRY, SEI/TUSD, SEI/USDT, SEI/USDT:USDT, SFP/BTC, SFP/USDT, SFP/USDT:USDT, SHIB/TRY, SHIB/TUSD, SHIB/USDT, SKL/BTC, SKL/TRY, SKL/USDT, SKL/USDT:USDT, SKY/BTC, SKY/ETH, SLP/ETH, SLP/TRY, SLP/USDT, SLP/USDT:USDT, SNGLS/BTC, SNGLS/ETH, SNM/BTC, SNM/ETH, SNT/BTC, SNT/BUSD, SNT/ETH, SNT/USDT, SNT/USDT:USDT, SNX/BTC, SNX/ETH, SNX/TRY, SNX/USDT, SNX/USDT:USDT, SOL/BTC, SOL/ETH, SOL/TRY, SOL/TUSD, SOL/USDT, SOL/USDT:USDT, SPARTA/BNB, SPELL/BTC, SPELL/TRY, SPELL/USDT, SPELL/USDT:USDT, SRM/BTC, SRM/USDT, SRM/USDT:USDT, SSV/BTC, SSV/ETH, SSV/TUSD, SSV/USDT, SSV/USDT:USDT, STEEM/BNB, STEEM/BTC, STEEM/BUSD, STEEM/ETH, STEEM/USDT, STEEM/USDT:USDT, STG/BTC, STG/BUSD, STG/USDT, STG/USDT:USDT, STMX/BTC, STMX/BUSD, STMX/ETH, STMX/USDT, STMX/USDT:USDT, STORJ/BTC, STORJ/BUSD, STORJ/ETH, STORJ/TRY, STORJ/USDT, STORJ/USDT:USDT, STORM/BNB, STORM/BTC, STORM/ETH, STORM/USDT, STPT/BNB, STPT/BTC, STPT/BUSD, STPT/USDT, STPT/USDT:USDT, STRAT/BNB, STRAT/BTC, STRAT/BUSD, STRAT/ETH, STRAT/USDT, STRAX/BTC, STRAX/BUSD, STRAX/ETH, STRAX/TRY, STRAX/USDT, STRAX/USDT:USDT, STRK/BTC, STRK/FDUSD, STRK/TRY, STRK/USDC, STRK/USDT, STRK/USDT:USDT, STX/BNB, STX/BTC, STX/BUSD, STX/FDUSD, STX/TRY, STX/USDT, STX/USDT:USDT, SUB/BTC, SUB/ETH, SUI/BTC, SUI/TRY, SUI/TUSD, SUI/USDT, SUI/USDT:USDT, SUN/BTC, SUN/USDT, SUPER/BTC, SUPER/TRY, SUPER/USDT, SUPER/USDT:USDT, SUSD/BTC, SUSD/ETH, SUSD/USDT, SUSHI/BTC, SUSHI/USDT, SUSHI/USDT:USDT, SUSHIDOWN/USDT, SUSHIUP/USDT, SXP/BTC, SXP/TRY, SXP/USDT, SXP/USDT:USDT, SXPDOWN/USDT, SXPUP/USDT, SYN/BTC, SYN/USDT, SYS/BTC, SYS/ETH, SYS/USDT, T/BUSD, T/USDT, T/USDT:USDT, TCT/BNB, TCT/BTC, TCT/USDT, TFUEL/BNB, TFUEL/BTC, TFUEL/BUSD, TFUEL/PAX, TFUEL/TUSD, TFUEL/USDC, TFUEL/USDT, THETA/BNB, THETA/BTC, THETA/BUSD, THETA/ETH, THETA/EUR, THETA/FDUSD, THETA/TRY, THETA/USD:THETA, THETA/USDT, THETA/USDT:USDT, TIA/BTC, TIA/FDUSD, TIA/TRY, TIA/TUSD, TIA/USDC, TIA/USDT, TIA/USDT:USDT, TKO/BIDR, TKO/BTC, TKO/BUSD, TKO/USDT, TLM/BNB, TLM/BTC, TLM/BUSD, TLM/TRY, TLM/USDT, TLM/USDT:USDT, TNB/BTC, TNB/ETH, TNT/BTC, TNT/ETH, TOKEN/USDT:USDT, TOMO/BNB, TOMO/BTC, TOMO/BUSD, TOMO/TRY, TOMO/USDC, TOMO/USDT, TOMO/USDT:USDT, TON/USDT:USDT, TORN/BNB, TORN/BTC, TORN/BUSD, TORN/USDT, TRB/BNB, TRB/BTC, TRB/BUSD, TRB/TRY, TRB/USDT, TRB/USDT:USDT, TRIBE/BNB, TRIBE/BTC, TRIBE/BUSD, TRIBE/USDT, TRIG/BNB, TRIG/BTC, TRIG/ETH, TROY/BNB, TROY/BTC, TROY/BUSD, TROY/USDT, TRU/BTC, TRU/BUSD, TRU/RUB, TRU/USDT, TRU/USDT:USDT, TRX/AUD, TRX/BNB, TRX/BTC, TRX/BUSD, TRX/ETH, TRX/EUR, TRX/NGN, TRX/PAX, TRX/TRY, TRX/TUSD, TRX/USD:TRX, TRX/USDC, TRX/USDT, TRX/USDT:USDT, TRX/XRP, TRXDOWN/USDT, TRXUP/USDT, TUSD/BNB, TUSD/BTC, TUSD/BUSD, TUSD/ETH, TUSD/TRY, TUSD/USDT, TUSDB/TUSD, TVK/BTC, TVK/BUSD, TVK/USDT, TWT/BTC, TWT/BUSD, TWT/TRY, TWT/USDT, TWT/USDT:USDT, UFT/BUSD, UFT/ETH, UFT/USDT, UMA/BTC, UMA/TRY, UMA/USDT, UMA/USDT:USDT, UNFI/BTC, UNFI/ETH, UNFI/TRY, UNFI/USDT, UNFI/USDT:USDT, UNI/BTC, UNI/ETH, UNI/TRY, UNI/USDT, UNI/USDT:USDT, UNIDOWN/USDT, UNIUP/USDT, USDC/TUSD, USDC/USDT, USDC/USDT:USDT, USDP/USDT, USDS/TUSD, USDS/USDT, USDSB/USDT, USDT/ARS, USDT/BIDR, USDT/BKRW, USDT/BRL, USDT/BVND, USDT/DAI, USDT/IDRT, USDT/NGN, USDT/PLN, USDT/RON, USDT/RUB, USDT/TRY, USDT/UAH, USDT/VAI, USDT/ZAR, UST/BTC, UST/BUSD, UST/USDT, USTC/BUSD, USTC/FDUSD, USTC/TRY, USTC/USDT, USTC/USDT:USDT, UTK/BTC, UTK/BUSD, UTK/USDT, VANRY/BTC, VANRY/TRY, VANRY/USDT, VANRY/USDT:USDT, VEN/BTC, VEN/ETH, VEN/USDT, VET/BNB, VET/BTC, VET/BUSD, VET/ETH, VET/EUR, VET/GBP, VET/TRY, VET/USD:VET-221226, VET/USDT, VET/USDT:USDT, VGX/BTC, VGX/ETH, VGX/USDT, VIA/BTC, VIA/ETH, VIB/BTC, VIB/ETH, VIB/USDT, VIBE/BTC, VIBE/ETH, VIC/BTC, VIC/TRY, VIC/USDT, VIDT/BTC, VIDT/BUSD, VIDT/USDT, VITE/BNB, VITE/BTC, VITE/BUSD, VITE/USDT, VOXEL/BTC, VOXEL/ETH, VOXEL/USDT, VTHO/BNB, VTHO/BUSD, VTHO/USDT, WABI/BTC, WABI/ETH, WAN/BTC, WAN/ETH, WAN/USDT, WAVES/BTC, WAVES/ETH, WAVES/TRY, WAVES/TUSD, WAVES/USDT, WAVES/USDT:USDT, WAXP/BTC, WAXP/USDT, WAXP/USDT:USDT, WBETH/ETH, WBETH/USDT, WBTC/BTC, WBTC/BUSD, WBTC/ETH, WBTC/USDT, WIF/BTC, WIF/TRY, WIF/USDT, WIF/USDT:USDT, WIN/BTC, WIN/TRX, WIN/USDT, WING/BTC, WING/ETH, WING/USDT, WINGS/BTC, WINGS/ETH, WLD/BTC, WLD/TRY, WLD/USDT, WLD/USDT:USDT, WNXM/BTC, WNXM/USDT, WOO/BTC, WOO/USDT, WOO/USDT:USDT, WPR/BTC, WPR/ETH, WRX/BTC, WRX/USDT, WTC/BNB, WTC/BTC, WTC/ETH, WTC/USDT, XAI/BTC, XAI/TRY, XAI/TUSD, XAI/USDT, XAI/USDT:USDT, XEC/TRY, XEC/USDT, XEM/BTC, XEM/ETH, XEM/USDT, XEM/USDT:USDT, XLM/BTC, XLM/ETH, XLM/TRY, XLM/TUSD, XLM/USDT, XLM/USDT:USDT, XLMDOWN/USDT, XLMUP/USDT, XMR/BTC, XMR/ETH, XMR/USDT, XMR/USDT:USDT, XNO/BTC, XNO/ETH, XNO/USDT, XRP/BTC, XRP/ETH, XRP/TRY, XRP/TUSD, XRP/USDT, XRP/USDT:USDT, XRPBEAR/USDT, XRPBULL/USDT, XRPDOWN/USDT, XRPUP/USDT, XTZ/BNB, XTZ/BTC, XTZ/BUSD, XTZ/ETH, XTZ/TRY, XTZ/USD:XTZ, XTZ/USDT, XTZ/USDT:USDT, XTZDOWN/USDT, XTZUP/USDT, XVG/BTC, XVG/ETH, XVG/TRY, XVG/TUSD, XVG/USDT, XVG/USDT:USDT, XVS/BTC, XVS/TRY, XVS/USDT, XVS/USDT:USDT, XZC/BTC, XZC/ETH, XZC/USDT, YFI/BTC, YFI/USDT, YFI/USDT:USDT, YFIDOWN/USDT, YFII/BTC, YFII/USDT, YFIUP/USDT, YGG/BTC, YGG/USDT, YGG/USDT:USDT, YOYOW/BTC, YOYOW/ETH, ZEC/BTC, ZEC/ETH, ZEC/TUSD, ZEC/USDT, ZEC/USDT:USDT, ZEN/BTC, ZEN/ETH, ZEN/USDT, ZEN/USDT:USDT, ZETA/USDT:USDT, ZIL/BTC, ZIL/ETH, ZIL/TRY, ZIL/USDT, ZIL/USDT:USDT, ZRX/BTC, ZRX/ETH, ZRX/USDT, ZRX/USDT:USDT","1INCH/USDT, AAVE/USDT, AAVEF0/USTF0, ADA/BTC, ADA/USDT, ADAF0/USTF0, ALGF0/USTF0, ALGO/BTC, ALGO/USDT, ALT2612/USD, ALT2612/USDT, AMPL/BTC, AMPL/USDT, APE/USDT, APEF0/USTF0, APENFT/USD, APENFT/USDT, APP/USDT, APT/USD, APT/USDT, APTF0/USTF0, ARB/USDT, ARBF0/USTF0, ATOF0/USTF0, ATOM/BTC, ATOM/USD, ATOM/USDT, AUSTRALIA200IXF0/USTF0, AVAX/BTC, AVAX/USDT, AVAXF0/USTF0, AXS/USDT, AXSF0/USTF0, AZERO/USDT, B2M/USDT, BAL/USDT, BAND/USDT, BAT/USD, BEST/USD, BGB/USDT, BLUR/USDT, BMN/BTC, BNBF0/USTF0, BONK/USDT, BORG/BTC, BORG/USDT, BOSON/USDT, BTC/CNHT, BTC/EUR, BTC/EURT, BTC/GBP, BTC/JPY, BTC/MIM, BTC/MXNT, BTC/TRY, BTC/USD, BTC/USDT, BTC/XAUT, BTCDOMF0/USTF0, BTCF0/EUTF0, BTCF0/USTF0, BTT/USD, CCD/USDT, CELO/USDT, CHZ/USDT, CNH/CNHT, COMP/USDT, COMPF0/USTF0, CRV/USDT, CRVF0/USTF0, DASH/BTC, DOGE/BTC, DOGE/USDT, DOGEF0/USTF0, DOT/BTC, DOT/USD, DOT/USDT, DOTF0/USTF0, DYM/USDT, EGLD/USDT, EGLDF0/USTF0, EOS/BTC, EOS/ETH, EOS/USDT, EOSF0/USTF0, ETC/BTC, ETC/USD, ETC/USDT, ETCF0/USTF0, ETH/BTC, ETH/EUR, ETH/EURT, ETH/GBP, ETH/JPY, ETH/MXNT, ETH/USD, ETH/USDT, ETH/XAUT, ETH2X/ETH, ETH2X/USD, ETH2X/USDT, ETHF0/BTCF0, ETHF0/EUTF0, ETHF0/USTF0, ETHW/USD, ETHW/USDT, EUR/USDT, EURF0/USTF0, EUROPE50IXF0/USTF0, EURT/EUR, EURT/MXNT, EURT/USD, EURT/USDT, FCL/USDT, FET/USD, FET/USDT, FIL/USDT, FILF0/USTF0, FLOKI/USDT, FLR/USDT, FORTH/USD, FORTH/USDT, FRANCE40IXF0/USTF0, FTM/USD, FTM/USDT, FTMF0/USTF0, GALA/USDT, GALAF0/USTF0, GBP/EURT, GBP/USDT, GBPF0/USTF0, GERMANY40IXF0/USTF0, GMMT/USD, GMMT/USDT, GOC/USDT, GOMINING/USDT, GRT/USD, GRT/USDT, GTX/USD, GTX/USDT, HIX/USDT, HMT/USD, HMT/USDT, HONGKONG50IXF0/USTF0, HTX/USD, HTX/USDT, ICP/USDT, ICPF0/USTF0, INJ/USDT, IOTA/BTC, IOTA/USD, IOTF0/USTF0, JAPAN225IXF0/USTF0, JASMY/USDT, JASMYF0/USTF0, JPY/USDT, JPYF0/USTF0, JST/BTC, JST/USD, JST/USDT, JUP/USDT, KAN/USDT, KARATE/USD, KARATE/USDT, KAVA/USDT, KNCF0/USTF0, KSM/USDT, LDO/USDT, LEO/BTC, LEO/ETH, LEO/USDT, LIFIII/USDT, LINK/USDT, LINKF0/USTF0, LTC/BTC, LTC/USD, LTC/USDT, LTCF0/BTCF0, LTCF0/USTF0, LUNA/USDT, MANA/BTC, MATIC/BTC, MATIC/USD, MATIC/USDT, MATICF0/USTF0, MEME/USDT, MIM/USDT, MKR/USDT, MKRF0/USTF0, MXNT/USD, NEAR/USDT, NEARF0/USTF0, NEO/BTC, NEO/USDT, NEOF0/USTF0, NEXO/BTC, NEXO/USDT, NOM/USDT, OCEAN/USDT, OGN/USDT, OMG/BTC, OMG/ETH, OMGF0/USTF0, OPX/USDT, PAX/USDT, PEPE/USDT, QRDO/USDT, QTF/BTC, QTF/USD, QTUM/USD, RLY/USDT, RRT/USD, SAND/USDT, SANDF0/USTF0, SEI/USDT, SENATE/USD, SGB/USDT, SHIB/USDT, SHIBF0/USTF0, SMR/USDT, SNX/USDT, SOL/BTC, SOL/USDT, SOLF0/BTCF0, SOLF0/USTF0, SPAIN35IXF0/USTF0, SPELL/USDT, STG/USD, STG/USDT, STGF0/USTF0, STRK/USD, STRK/USDT, SUI/USDT, SUKU/USDT, SUN/USDT, SUSHI/USDT, SUSHIF0/USTF0, SWEAT/USD, SWEAT/USDT, TESTADA/TESTUSD, TESTADAF0/TESTUSDTF0, TESTALGO/TESTUSD, TESTALGOF0/TESTUSDTF0, TESTAPT/TESTUSD, TESTAPTF0/TESTUSDTF0, TESTAVAX/TESTUSD, TESTAVAXF0/TESTUSDTF0, TESTBTC/TESTUSD, TESTBTC/TESTUSDT, TESTBTCF0/TESTUSDTF0, TESTDOGE/TESTUSD, TESTDOGEF0/TESTUSDTF0, TESTDOT/TESTUSD, TESTDOTF0/TESTUSDTF0, TESTEOS/TESTUSD, TESTEOSF0/TESTUSDTF0, TESTETH/TESTUSD, TESTETHF0/TESTUSDTF0, TESTFIL/TESTUSD, TESTFILF0/TESTUSDTF0, TESTLTC/TESTUSD, TESTLTCF0/TESTUSDTF0, TESTMATIC/TESTUSD, TESTMATIC/TESTUSDT, TESTMATICF0/TESTUSDTF0, TESTNEAR/TESTUSD, TESTNEARF0/TESTUSDTF0, TESTSOL/TESTUSD, TESTSOLF0/TESTUSDTF0, TESTXAUT/TESTUSD, TESTXAUTF0/TESTUSDTF0, TESTXTZ/TESTUSD, TESTXTZF0/TESTUSDTF0, THETA/USD, THETA/USDT, TIA/USD, TIA/USDT, TLOS/USD, TOMI/USD, TOMI/USDT, TON/USD, TON/USDT, TRADE/USD, TRADE/USDT, TRX/BTC, TRX/ETH, TRX/EUR, TRX/USD, TRX/USDT, TRXF0/USTF0, TRY/USDT, TRYF0/USTF0, TUSD/USD, TUSD/USDT, UK100IXF0/USTF0, UKOILF0/USTF0, UNI/USDT, UNIF0/USTF0, UOS/BTC, USDC/USDT, USDT/CNHT, USDT/MXNT, USDT/USD, VET/BTC, VET/USD, VET/USDT, VRA/USDT, WAVES/USDT, WAVESF0/USTF0, WBT/BTC, WBT/USD, WHBT/USD, WHBT/USDT, WIF/USDT, WILD/USDT, WMINIMA/USDT, WOO/USDT, XAGF0/USTF0, XAUT/BTC, XAUT/USD, XAUT/USDT, XAUTF0/BTCF0, XAUTF0/USTF0, XDC/USDT, XLM/BTC, XLM/USDT, XLMF0/USTF0, XMR/BTC, XMR/USDT, XMRF0/USTF0, XPDF0/USTF0, XPTF0/USTF0, XRD/BTC, XRP/BTC, XRP/USDT, XRPF0/BTCF0, XRPF0/USTF0, XTP/USD, XTP/USDT, XTZ/BTC, XTZ/USD, XTZ/USDT, XTZF0/USTF0, YFI/USDT, ZEC/BTC, ZECF0/USTF0, ZETA/USD, ZETA/USDT"
LSD,,,
RSR,,"RSR/BNB, RSR/BTC, RSR/BUSD, RSR/USDT, RSR/USDT:USDT",
ICX,,"ICX/BNB, ICX/BTC, ICX/BUSD, ICX/ETH, ICX/USD:ICX, ICX/USDT, ICX/USDT:USDT",
MAGIC,MAGIC/USD,"MAGIC/BTC, MAGIC/BUSD, MAGIC/FDUSD, MAGIC/TRY, MAGIC/USDT, MAGIC/USDT:USDT",
JTO,JTO/USD,"JTO/FDUSD, JTO/TRY, JTO/USDT, JTO/USDT:USDT",
ONT,,"FRONT/BTC, FRONT/BUSD, FRONT/ETH, FRONT/TRY, FRONT/TUSD, FRONT/USDT, FRONT/USDT:USDT, ONT/BNB, ONT/BTC, ONT/BUSD, ONT/ETH, ONT/PAX, ONT/TRY, ONT/USDC, ONT/USDT, ONT/USDT:USDT",
TRUMP,,,
SSV,,"SSV/BTC, SSV/BUSD, SSV/ETH, SSV/TUSD, SSV/USDT, SSV/USDT:USDT",
POKT,,,
